source,target,weight
V160,V159,0.8753
V160,V150,0.9461
V332,V203,0.887
V332,V165,0.8698
V332,V333,0.9943
V332,V212,0.9676
V332,V204,0.9568
V332,V331,0.9144
V332,V164,0.9016
V332,V213,0.9846
V332,V202,0.9085
V332,V307,0.9981
V332,V127,0.9986
V332,V211,0.9087
V332,V317,0.9979
V332,V133,0.998
V332,V308,0.9925
V332,V128,0.9929
V332,V318,0.9953
V332,V134,0.9953
V332,V306,0.9133
V332,V126,0.9142
V332,V316,0.9112
V332,V132,0.9112
V332,V263,0.8623
V332,V273,0.8744
V332,V338,0.8902
V203,V333,0.8806
V203,V212,0.9682
V203,V204,0.9682
V203,V213,0.9313
V203,V307,0.8878
V203,V127,0.8878
V203,V317,0.8866
V203,V133,0.8867
V203,V308,0.8808
V203,V128,0.8807
V203,V318,0.8814
V203,V134,0.8817
V203,V264,0.9837
V203,V265,0.9785
V203,V274,0.9299
V203,V275,0.9302
V203,V263,0.935
V203,V273,0.9059
V159,V166,0.8588
V159,V150,0.9695
V165,V333,0.8721
V165,V213,0.8652
V165,V307,0.8704
V165,V127,0.87
V165,V317,0.8699
V165,V133,0.8694
V165,V308,0.8726
V165,V128,0.8715
V165,V318,0.8741
V165,V134,0.8735
V333,V212,0.958
V333,V204,0.9582
V333,V331,0.9041
V333,V164,0.8894
V333,V213,0.9833
V333,V202,0.8946
V333,V307,0.9929
V333,V127,0.9938
V333,V211,0.8927
V333,V317,0.9904
V333,V133,0.9905
V333,V308,0.9975
V333,V128,0.9986
V333,V318,0.9982
V333,V134,0.9984
V333,V306,0.9022
V333,V126,0.9039
V333,V316,0.8985
V333,V132,0.8988
V333,V263,0.8887
V333,V273,0.9009
V333,V338,0.9008
V212,V204,0.9867
V212,V331,0.8898
V212,V164,0.8794
V212,V213,0.9879
V212,V202,0.9068
V212,V307,0.9672
V212,V127,0.9676
V212,V211,0.9005
V212,V317,0.9698
V212,V133,0.9697
V212,V308,0.9565
V212,V128,0.9568
V212,V318,0.9617
V212,V134,0.9617
V212,V264,0.9169
V212,V306,0.889
V212,V126,0.89
V212,V316,0.8886
V212,V132,0.8888
V212,V265,0.9203
V212,V274,0.9821
V212,V275,0.9827
V212,V263,0.937
V212,V273,0.9818
V204,V331,0.8715
V204,V164,0.8587
V204,V213,0.9857
V204,V202,0.8919
V204,V307,0.9579
V204,V127,0.9575
V204,V211,0.8778
V204,V317,0.9543
V204,V133,0.9543
V204,V308,0.9586
V204,V128,0.958
V204,V318,0.9568
V204,V134,0.957
V204,V264,0.9785
V204,V306,0.8711
V204,V126,0.871
V204,V316,0.8658
V204,V132,0.8663
V204,V265,0.9857
V204,V274,0.9343
V204,V275,0.936
V204,V263,0.9427
V204,V273,0.9107
V204,V338,0.8571
V331,V164,0.9892
V331,V213,0.8971
V331,V202,0.9887
V331,V307,0.9128
V331,V127,0.9137
V331,V211,0.9904
V331,V317,0.9173
V331,V133,0.9176
V331,V308,0.9017
V331,V128,0.9027
V331,V318,0.9056
V331,V134,0.906
V331,V306,0.997
V331,V126,0.9993
V331,V316,0.9975
V331,V132,0.9979
V331,V263,0.8904
V331,V273,0.8975
V164,V213,0.8862
V164,V202,0.9805
V164,V307,0.9017
V164,V127,0.901
V164,V211,0.9844
V164,V317,0.9071
V164,V133,0.9066
V164,V308,0.8896
V164,V128,0.8882
V164,V318,0.8938
V164,V134,0.8931
V164,V306,0.9891
V164,V126,0.9875
V164,V316,0.9902
V164,V132,0.9892
V213,V202,0.9065
V213,V307,0.984
V213,V127,0.9843
V213,V211,0.9036
V213,V317,0.9847
V213,V133,0.9845
V213,V308,0.9815
V213,V128,0.9817
V213,V318,0.9852
V213,V134,0.9851
V213,V264,0.9158
V213,V306,0.8963
V213,V126,0.8971
V213,V316,0.8949
V213,V132,0.8949
V213,V265,0.9206
V213,V274,0.9816
V213,V275,0.9834
V213,V263,0.9375
V213,V273,0.9824
V213,V338,0.8613
V202,V307,0.9093
V202,V127,0.9086
V202,V211,0.9956
V202,V317,0.9129
V202,V133,0.9131
V202,V308,0.8948
V202,V128,0.8934
V202,V318,0.8972
V202,V134,0.8976
V202,V264,0.9145
V202,V306,0.9885
V202,V126,0.9876
V202,V316,0.9862
V202,V132,0.9866
V202,V265,0.9217
V202,V274,0.9164
V202,V275,0.9178
V202,V263,0.9931
V202,V273,0.9468
V307,V127,0.9767
V307,V211,0.9089
V307,V317,0.9943
V307,V133,0.9732
V307,V308,0.981
V307,V128,0.9681
V307,V318,0.9794
V307,V134,0.968
V307,V306,0.893
V307,V126,0.8874
V307,V316,0.8891
V307,V132,0.885
V307,V263,0.8665
V307,V273,0.8622
V307,V338,0.8783
V127,V211,0.909
V127,V317,0.9717
V127,V133,0.9955
V127,V308,0.9847
V127,V128,0.9911
V127,V318,0.9849
V127,V134,0.9902
V127,V306,0.9038
V127,V126,0.9088
V127,V316,0.9018
V127,V132,0.9054
V127,V263,0.8577
V127,V273,0.873
V127,V338,0.8806
V211,V317,0.9156
V211,V133,0.9155
V211,V308,0.8921
V211,V128,0.8919
V211,V318,0.8985
V211,V134,0.8984
V211,V264,0.8902
V211,V306,0.9891
V211,V126,0.9899
V211,V316,0.992
V211,V132,0.9918
V211,V265,0.8945
V211,V274,0.9645
V211,V275,0.9661
V211,V263,0.9511
V211,V273,0.9963
V317,V133,0.9763
V317,V308,0.9743
V317,V128,0.9631
V317,V318,0.9813
V317,V134,0.9694
V317,V306,0.8951
V317,V126,0.8915
V317,V316,0.897
V317,V132,0.8929
V317,V273,0.896
V317,V338,0.8615
V133,V308,0.981
V133,V128,0.9865
V133,V318,0.9876
V133,V134,0.9927
V133,V306,0.9097
V133,V126,0.9137
V133,V316,0.9115
V133,V132,0.9148
V133,V263,0.8518
V133,V273,0.8923
V133,V338,0.8632
V308,V128,0.993
V308,V318,0.995
V308,V134,0.9902
V308,V306,0.9022
V308,V126,0.8969
V308,V316,0.8951
V308,V132,0.8919
V308,V263,0.8696
V308,V273,0.8633
V308,V338,0.8925
V128,V318,0.9907
V128,V134,0.9959
V128,V306,0.8977
V128,V126,0.9033
V128,V316,0.8934
V128,V132,0.8969
V128,V263,0.8599
V128,V273,0.8744
V128,V338,0.897
V318,V134,0.9951
V318,V306,0.9024
V318,V126,0.8998
V318,V316,0.9027
V318,V132,0.8994
V318,V273,0.896
V318,V338,0.8808
V134,V306,0.9008
V134,V126,0.9049
V134,V316,0.9011
V134,V132,0.9042
V134,V263,0.853
V134,V273,0.8938
V134,V338,0.8817
V264,V274,0.9193
V306,V126,0.9933
V306,V316,0.9951
V306,V132,0.9915
V306,V263,0.8857
V306,V273,0.8713
V126,V316,0.9924
V126,V132,0.9964
V126,V263,0.8744
V126,V273,0.8846
V316,V132,0.9965
V316,V273,0.8934
V132,V263,0.8504
V132,V273,0.891
V265,V274,0.9152
V265,V275,0.9319
V274,V275,0.8955
V275,V263,0.8931
V275,V273,0.9262
V263,V273,0.9534
V215,V277,0.9863
V166,V150,0.8846
V207,V267,0.9046
