DeviceInfo,count,fraud_count,percentage,fraud_rate,relative_risk
Missing,471874,12056,79.9055,2.5549,0.7302
Windows,47722,3121,8.0811,6.54,1.8691
iOS Device,19782,1240,3.3498,6.2683,1.7915
MacOS,12573,278,2.1291,2.2111,0.6319
Trident/7.0,7440,96,1.2599,1.2903,0.3688
rv:11.0,1901,76,0.3219,3.9979,1.1426
rv:57.0,962,103,0.1629,10.7069,3.06
SM-J700M Build/MMB29K,549,60,0.093,10.929,3.1235
SM-G610M Build/MMB29K,461,37,0.0781,8.026,2.2938
SM-G531H Build/LMY48B,410,33,0.0694,8.0488,2.3003
rv:59.0,362,44,0.0613,12.1547,3.4738
SM-G935F Build/NRD90M,334,31,0.0566,9.2814,2.6526
SM-G955U Build/NRD90M,328,33,0.0555,10.061,2.8754
SM-G532M Build/MMB29T,316,12,0.0535,3.7975,1.0853
ALE-L23 Build/HuaweiALE-L23,312,29,0.0528,9.2949,2.6564
SM-G950U Build/NRD90M,290,16,0.0491,5.5172,1.5768
SM-G930V Build/NRD90M,274,0,0.0464,0.0,0.0
rv:58.0,269,49,0.0456,18.2156,5.2059
rv:52.0,256,12,0.0434,4.6875,1.3397
SAMSUNG,235,5,0.0398,2.1277,0.6081
SM-G950F Build/NRD90M,225,34,0.0381,15.1111,4.3187
Moto G (4) Build/NPJ25.93-14.7,219,40,0.0371,18.2648,5.22
SM-N950U Build/NMF26X,209,13,0.0354,6.2201,1.7777
SM-A300H Build/LRX22G,203,169,0.0344,83.2512,23.7928
hi6210sft Build/MRA58K,190,180,0.0322,94.7368,27.0754
SM-J730GM Build/NRD90M,184,27,0.0312,14.6739,4.1937
SM-G570M Build/MMB29K,182,3,0.0308,1.6484,0.4711
rv:48.0,178,2,0.0301,1.1236,0.3211
CAM-L03 Build/HUAWEICAM-L03,172,22,0.0291,12.7907,3.6555
SM-J320M Build/LMY47V,171,57,0.029,33.3333,9.5265
LG-M700 Build/NMF26X,169,29,0.0286,17.1598,4.9042
Moto E (4) Plus Build/NMA26.42-69,160,32,0.0271,20.0,5.7159
SM-J510MN Build/MMB29M,157,16,0.0266,10.1911,2.9126
SM-J701M Build/NRD90M,154,30,0.0261,19.4805,5.5674
LG-D693n Build/LRX22G,150,0,0.0254,0.0,0.0
Moto G (4) Build/NPJS25.93-14-13,147,13,0.0249,8.8435,2.5274
SM-G930F Build/NRD90M,144,4,0.0244,2.7778,0.7939
SM-A520F Build/NRD90M,144,0,0.0244,0.0,0.0
SM-G935V Build/NRD90M,137,0,0.0232,0.0,0.0
LG-K410 Build/LRX22G,136,4,0.023,2.9412,0.8406
PRA-LX3 Build/HUAWEIPRA-LX3,135,2,0.0229,1.4815,0.4234
SM-G955F Build/NRD90M,134,26,0.0227,19.403,5.5453
Moto G (5) Plus Build/NPN25.137-92,130,11,0.022,8.4615,2.4183
Moto Z2 Play Build/NPSS26.118-19-14,129,30,0.0218,23.2558,6.6464
Moto G Play Build/MPIS24.241-15.3-7,129,17,0.0218,13.1783,3.7663
Moto E (4) Build/NMA26.42-69,125,23,0.0212,18.4,5.2586
TRT-L53 Build/HUAWEITRT-L53,122,17,0.0207,13.9344,3.9824
SM-A720F Build/NRD90M,120,22,0.0203,18.3333,5.2396
LG-K580 Build/MRA58K,117,17,0.0198,14.5299,4.1526
SAMSUNG SM-J700M Build/MMB29K,113,12,0.0191,10.6195,3.035
HUAWEI VNS-L53 Build/HUAWEIVNS-L53,113,5,0.0191,4.4248,1.2646
HUAWEI TAG-L13 Build/HUAWEITAG-L13,113,13,0.0191,11.5044,3.2879
Moto X Play Build/NPD26.48-24-1,112,3,0.019,2.6786,0.7655
HUAWEI VNS-L23 Build/HUAWEIVNS-L23,112,15,0.019,13.3929,3.8276
LG-X230 Build/MRA58K,111,12,0.0188,10.8108,3.0897
Moto G (5) Build/NPP25.137-93,110,3,0.0186,2.7273,0.7795
WAS-LX3 Build/HUAWEIWAS-LX3,108,28,0.0183,25.9259,7.4095
Moto E (4) Build/NMA26.42-19,106,0,0.0179,0.0,0.0
rv:56.0,106,8,0.0179,7.5472,2.157
SM-J700M Build/LMY48B,105,13,0.0178,12.381,3.5384
Moto G (4) Build/NPJS25.93-14-10,105,17,0.0178,16.1905,4.6272
SAMSUNG SM-G950U Build/NRD90M,104,1,0.0176,0.9615,0.2748
SAMSUNG SM-G532M Build/MMB29T,102,7,0.0173,6.8627,1.9613
Linux x86_64,102,0,0.0173,0.0,0.0
F3213 Build/36.1.A.1.86,98,3,0.0166,3.0612,0.8749
BLADE V8 SE Build/NRD90M,97,22,0.0164,22.6804,6.482
SAMSUNG SM-G955U Build/NRD90M,96,17,0.0163,17.7083,5.061
HTC Desire 10 lifestyle Build/MMB29M,94,22,0.0159,23.4043,6.6889
XT1635-02 Build/NPN26.118-22-2,94,20,0.0159,21.2766,6.0808
MotoG3 Build/MPIS24.65-33.1-2-16,93,28,0.0157,30.1075,8.6046
LG-K500 Build/MMB29M,92,0,0.0156,0.0,0.0
SM-G920V Build/NRD90M,91,0,0.0154,0.0,0.0
SM-G900M Build/LRX21T,91,17,0.0154,18.6813,5.339
SAMSUNG-SM-G930A Build/NRD90M,91,0,0.0154,0.0,0.0
Moto G (4) Build/NPJ25.93-14.5,89,12,0.0151,13.4831,3.8534
HUAWEI RIO-L03 Build/HUAWEIRIO-L03,89,1,0.0151,1.1236,0.3211
SAMSUNG SM-G935F Build/NRD90M,88,0,0.0149,0.0,0.0
SM-J500M Build/LMY48B,88,39,0.0149,44.3182,12.666
MYA-L13 Build/HUAWEIMYA-L13,86,10,0.0146,11.6279,3.3232
LG-H870 Build/NRD90U,86,1,0.0146,1.1628,0.3323
LG-K200 Build/MXB48T,85,5,0.0144,5.8824,1.6812
Moto G (5) Build/NPP25.137-72,85,5,0.0144,5.8824,1.6812
LG-X180g Build/LMY47I,84,5,0.0142,5.9524,1.7012
SM-J710MN Build/MMB29K,83,0,0.0141,0.0,0.0
HUAWEI G7-L03 Build/HuaweiG7-L03,82,10,0.0139,12.1951,3.4853
Moto C Build/NRD90M.063,81,6,0.0137,7.4074,2.117
SM-G925I Build/NRD90M,81,15,0.0137,18.5185,5.2925
Moto,77,2,0.013,2.5974,0.7423
SM-G930T Build/NRD90M,76,0,0.0129,0.0,0.0
Blade V6 Plus Build/MRA58K,76,7,0.0129,9.2105,2.6323
LG-K530 Build/MMB29M,75,6,0.0127,8.0,2.2864
SM-G950U Build/R16NW,74,0,0.0125,0.0,0.0
Moto G (5) Build/NPPS25.137-15-11,73,11,0.0124,15.0685,4.3065
F3113 Build/33.3.A.1.97,73,3,0.0124,4.1096,1.1745
SM-G530H Build/LRX22G,71,6,0.012,8.4507,2.4152
LG-D320 Build/KOT49I.V10a,71,61,0.012,85.9155,24.5543
SAMSUNG SM-G531H Build/LMY48B,70,1,0.0119,1.4286,0.4083
Moto G (5) Plus Build/NPN25.137-72,69,3,0.0117,4.3478,1.2426
RNE-L03 Build/HUAWEIRNE-L03,68,23,0.0115,33.8235,9.6666
CRO-L03 Build/HUAWEICRO-L03,68,51,0.0115,75.0,21.4347
SAMSUNG SM-N950U Build/NMF26X,67,4,0.0113,5.9701,1.7062
BLL-L23 Build/HUAWEIBLL-L23,67,3,0.0113,4.4776,1.2797
HTC Desire 626s Build/LMY47O,67,6,0.0113,8.9552,2.5594
LG-H542 Build/MRA58K,67,1,0.0113,1.4925,0.4266
CHC-U03 Build/HuaweiCHC-U03,67,29,0.0113,43.2836,12.3703
SAMSUNG SM-G950F Build/NRD90M,66,0,0.0112,0.0,0.0
LG-X240 Build/MRA58K,65,14,0.011,21.5385,6.1556
SM-G950F Build/R16NW,65,4,0.011,6.1538,1.7587
SM-A500M Build/KTU84P,65,13,0.011,20.0,5.7159
KFFOWI Build/LVY48F,65,51,0.011,78.4615,22.424
SAMSUNG SM-J701M Build/NRD90M,65,14,0.011,21.5385,6.1556
LG-H500 Build/LRX21Y,63,3,0.0107,4.7619,1.3609
rv:60.0,63,6,0.0107,9.5238,2.7219
5080A Build/MRA58K,63,0,0.0107,0.0,0.0
SM-N950U Build/R16NW,61,1,0.0103,1.6393,0.4685
M4 SS4456 Build/LMY47V,61,21,0.0103,34.4262,9.8389
Moto G (5) Build/NPP25.137-82,61,9,0.0103,14.7541,4.2167
Hisense F23 Build/NRD90M,61,6,0.0103,9.8361,2.8111
Moto Z (2,61,0,0.0103,0.0,0.0
Hisense L675 Build/MRA58K,60,32,0.0102,53.3333,15.2424
5010G Build/MRA58K,60,6,0.0102,10.0,2.858
SM-G900V Build/MMB29M,60,0,0.0102,0.0,0.0
LG-H840 Build/NRD90U,60,7,0.0102,11.6667,3.3343
SM-A510M Build/NRD90M,60,13,0.0102,21.6667,6.1923
HUAWEI CUN-L03 Build/HUAWEICUN-L03,60,8,0.0102,13.3333,3.8106
SAMSUNG SM-G610M Build/MMB29K,59,7,0.01,11.8644,3.3908
SM-G955U Build/R16NW,59,13,0.01,22.0339,6.2972
GT-I9060M Build/KTU84P,59,19,0.01,32.2034,9.2036
Moto G (5) Plus Build/NPNS25.137-15-11,59,35,0.01,59.322,16.954
BAC-L03 Build/HUAWEIBAC-L03,58,0,0.0098,0.0,0.0
HTC Desire 650 Build/MMB29M,58,0,0.0098,0.0,0.0
Blade A510 Build/MRA58K,57,21,0.0097,36.8421,10.5293
SM-N920V Build/NRD90M,57,14,0.0097,24.5614,7.0195
SM-A510M Build/MMB29K,56,45,0.0095,80.3571,22.9657
SAMSUNG SM-J730GM Build/NRD90M,56,1,0.0095,1.7857,0.5103
SM-G920P Build/NRD90M,54,39,0.0091,72.2222,20.6408
SLA-L03 Build/HUAWEISLA-L03,54,3,0.0091,5.5556,1.5878
Redmi Note 4 Build/NRD90M,53,7,0.009,13.2075,3.7746
SM-N950F Build/NMF26X,53,6,0.009,11.3208,3.2354
F5121 Build/34.3.A.0.252,52,25,0.0088,48.0769,13.7402
SAMSUNG SM-G930F Build/NRD90M,52,1,0.0088,1.9231,0.5496
HTC Desire 530 Build/MMB29M,51,4,0.0086,7.8431,2.2415
XT1032 Build/LPBS23.13-56-2,50,6,0.0085,12.0,3.4296
SM-G610M Build/NRD90M,50,6,0.0085,12.0,3.4296
F3313 Build/37.0.A.2.108,50,13,0.0085,26.0,7.4307
es-us,50,2,0.0085,4.0,1.1432
LG-H650 Build/MRA58K,50,27,0.0085,54.0,15.433
LG-X220 Build/LMY47I,50,6,0.0085,12.0,3.4296
SM-G930P Build/NRD90M,49,0,0.0083,0.0,0.0
8050G Build/LMY47I,49,0,0.0083,0.0,0.0
LG-M250 Build/NRD90U,47,0,0.008,0.0,0.0
SM-G935P Build/NRD90M,47,1,0.008,2.1277,0.6081
Pixel,47,0,0.008,0.0,0.0
LG-X210 Build/LMY47I,46,0,0.0078,0.0,0.0
SM-T560 Build/KTU84P,46,4,0.0078,8.6957,2.4852
Ilium LT510 Build/MRA58K,46,0,0.0078,0.0,0.0
Moto G Play Build/MPIS24.241-15.3-26,46,16,0.0078,34.7826,9.9407
Moto G (5) Plus Build/NPN25.137-82,45,18,0.0076,40.0,11.4318
F5121 Build/34.3.A.0.238,45,23,0.0076,51.1111,14.6073
Lenovo A2016b30 Build/MRA58K,45,2,0.0076,4.4444,1.2702
EVA-L09 Build/HUAWEIEVA-L09,45,0,0.0076,0.0,0.0
LG-X165g Build/LRX21M,45,0,0.0076,0.0,0.0
SM-G935T Build/NRD90M,44,2,0.0075,4.5455,1.2991
Moto G (4) Build/NPJS25.93-14-15,44,5,0.0075,11.3636,3.2477
MDDRJS,44,2,0.0075,4.5455,1.2991
Lenovo K33b36 Build/MMB29M,44,0,0.0075,0.0,0.0
SM-J500M Build/MMB29M,43,4,0.0073,9.3023,2.6586
SM-G920F Build/NRD90M,43,0,0.0073,0.0,0.0
SAMSUNG-SM-G935A Build/NRD90M,43,0,0.0073,0.0,0.0
Nexus,42,0,0.0071,0.0,0.0
SM-J111M Build/LMY47V,42,9,0.0071,21.4286,6.1242
Redmi 4X Build/N2G47H,42,6,0.0071,14.2857,4.0828
LGMP260 Build/NRD90U,42,7,0.0071,16.6667,4.7633
SM-J105B Build/LMY47V,40,17,0.0068,42.5,12.1463
Lenovo,40,3,0.0068,7.5,2.1435
Windows NT 6.1,40,2,0.0068,5.0,1.429
LG-D680 Build/KOT49I,39,17,0.0066,43.5897,12.4578
Lenovo PB2-650Y Build/MRA58K,38,11,0.0064,28.9474,8.273
G3313 Build/43.0.A.5.79,38,0,0.0064,0.0,0.0
5015A Build/LMY47I,38,9,0.0064,23.6842,6.7688
5025G Build/LMY47I,38,11,0.0064,28.9474,8.273
Blade V6 Build/LRX22G,38,1,0.0064,2.6316,0.7521
SM-G570M Build/NRD90M,37,2,0.0063,5.4054,1.5448
SAMSUNG SM-J120H Build/LMY47V,37,25,0.0063,67.5676,19.3105
KFDOWI Build/LVY48F,37,2,0.0063,5.4054,1.5448
SAMSUNG SM-A520F Build/NRD90M,37,2,0.0063,5.4054,1.5448
Ilium X510 Build/MRA58K,37,8,0.0063,21.6216,6.1794
HUAWEI,37,4,0.0063,10.8108,3.0897
SM-G530H Build/KTU84P,37,22,0.0063,59.4595,16.9933
M4 SS4453 Build/MMB29M,37,0,0.0063,0.0,0.0
ALE-L21 Build/HuaweiALE-L21,36,0,0.0061,0.0,0.0
XT1585 Build/NCK25.118-10.5,36,0,0.0061,0.0,0.0
SAMSUNG SM-G955F Build/NRD90M,36,6,0.0061,16.6667,4.7633
LGLS676 Build/MXB48T,35,8,0.0059,22.8571,6.5325
SAMSUNG SM-G891A Build/NRD90M,35,22,0.0059,62.8571,17.9643
MOT-A6020l37 Build/LMY47V,35,3,0.0059,8.5714,2.4497
rv:51.0,35,10,0.0059,28.5714,8.1656
VS5012 Build/NRD90M,34,34,0.0058,100.0,28.5796
SAMSUNG SM-G930A Build/NRD90M,34,0,0.0058,0.0,0.0
Pixel Build/OPM1.171019.011,33,0,0.0056,0.0,0.0
SM-G928G Build/NRD90M,33,2,0.0056,6.0606,1.7321
Lenovo-A6020l36 Build/LMY47V,33,4,0.0056,12.1212,3.4642
Moto C Plus Build/NRD90M.05.034,33,0,0.0056,0.0,0.0
Y635-L03 Build/HuaweiY635-L03,33,7,0.0056,21.2121,6.0623
moto x4 Build/OPWS27.57-40-6,32,17,0.0054,53.125,15.1829
rv:45.0,32,1,0.0054,3.125,0.8931
SM-J327P Build/MMB29M,32,11,0.0054,34.375,9.8242
Z981 Build/MMB29M,32,6,0.0054,18.75,5.3587
Android 5.1,32,3,0.0054,9.375,2.6793
SM-T350 Build/NMF26X,32,0,0.0054,0.0,0.0
TA-1039 Build/NMF26F,32,27,0.0054,84.375,24.114
Hisense F20 Build/MMB29M,31,0,0.0052,0.0,0.0
5056A Build/MMB29M,31,3,0.0052,9.6774,2.7658
SM-T550 Build/NMF26X,31,7,0.0052,22.5806,6.4534
VS995 Build/NRD90M,30,1,0.0051,3.3333,0.9526
SM-A310M Build/LMY47X,30,1,0.0051,3.3333,0.9526
Moto G (5) Build/NPP25.137-38,29,2,0.0049,6.8966,1.971
SM-G550T1 Build/MMB29K,29,9,0.0049,31.0345,8.8695
SM-N920T Build/NRD90M,29,0,0.0049,0.0,0.0
Moto G (5S,29,0,0.0049,0.0,0.0
Hisense U963 Build/MRA58K,29,7,0.0049,24.1379,6.8985
5012G Build/MRA58K,29,5,0.0049,17.2414,4.9275
SM-G925V Build/NRD90M,28,0,0.0047,0.0,0.0
SM-T710 Build/NRD90M,28,0,0.0047,0.0,0.0
LGLS775 Build/NRD90U,28,2,0.0047,7.1429,2.0414
Ilium X710 Build/MRA58K,28,0,0.0047,0.0,0.0
SAMSUNG SM-G950F Build/R16NW,28,2,0.0047,7.1429,2.0414
VS988 Build/NRD90U,28,0,0.0047,0.0,0.0
SM-A320Y Build/NRD90M,28,4,0.0047,14.2857,4.0828
LG-H840 Build/MMB29M,28,0,0.0047,0.0,0.0
LG-M400 Build/NRD90U,28,0,0.0047,0.0,0.0
Blade V580 Build/LMY47D,28,0,0.0047,0.0,0.0
LG-M320 Build/NRD90U,28,2,0.0047,7.1429,2.0414
SAMSUNG SM-N950F Build/NMF26X,28,2,0.0047,7.1429,2.0414
VS425PP Build/LMY47V,28,23,0.0047,82.1429,23.4761
SM-J530GM Build/NRD90M,27,0,0.0046,0.0,0.0
SM-J200M Build/LMY47X,27,0,0.0046,0.0,0.0
LG-K220 Build/MXB48T,27,4,0.0046,14.8148,4.234
HUAWEI NXT-L09 Build/HUAWEINXT-L09,27,7,0.0046,25.9259,7.4095
F3213 Build/36.0.A.2.146,27,0,0.0046,0.0,0.0
SM-N910V Build/MMB29M,27,0,0.0046,0.0,0.0
SM-J120H Build/LMY47V,27,2,0.0046,7.4074,2.117
XT1650 Build/NCLS26.118-23-13-3,26,0,0.0044,0.0,0.0
SM-T810 Build/NRD90M,26,0,0.0044,0.0,0.0
Build/OPR6.170623.013,26,3,0.0044,11.5385,3.2977
XT1064 Build/MPB24.65-34-3,26,4,0.0044,15.3846,4.3969
SM-G355M Build/KOT49H,26,0,0.0044,0.0,0.0
Z835 Build/NMF26V,25,25,0.0042,100.0,28.5796
SM-G955F Build/R16NW,25,1,0.0042,4.0,1.1432
SAMSUNG-SM-G891A Build/NRD90M,25,0,0.0042,0.0,0.0
LG-H320 Build/LRX21Y,25,8,0.0042,32.0,9.1455
KFGIWI Build/LVY48F,25,0,0.0042,0.0,0.0
rv:31.0,25,4,0.0042,16.0,4.5727
Blade L2 Plus Build/KOT49H,25,9,0.0042,36.0,10.2887
SAMSUNG SM-A310F Build/NRD90M,25,0,0.0042,0.0,0.0
Blade L5 Build/LMY47I,24,2,0.0041,8.3333,2.3816
rv:54.0,24,0,0.0041,0.0,0.0
SM-G965U Build/R16NW,24,0,0.0041,0.0,0.0
5011A Build/NRD90M,24,3,0.0041,12.5,3.5724
SM-T280 Build/LMY47V,24,0,0.0041,0.0,0.0
Lenovo K33b36 Build/NRD90N,24,0,0.0041,0.0,0.0
TA-1038 Build/NMF26O,24,14,0.0041,58.3333,16.6714
SM-A320FL Build/NRD90M,24,0,0.0041,0.0,0.0
Pixel XL Build/OPM1.171019.011,24,0,0.0041,0.0,0.0
E5606 Build/30.2.A.1.21,24,2,0.0041,8.3333,2.3816
SM-J727T1 Build/NRD90M,23,7,0.0039,30.4348,8.6981
SM-E500M Build/KTU84P,23,2,0.0039,8.6957,2.4852
WAS-LX1A Build/HUAWEIWAS-LX1A,23,0,0.0039,0.0,0.0
F3313 Build/37.0.A.2.248,23,0,0.0039,0.0,0.0
SM-G928V Build/NRD90M,23,0,0.0039,0.0,0.0
HTC One A9s Build/MRA58K,23,0,0.0039,0.0,0.0
SM-G920I Build/NRD90M,23,0,0.0039,0.0,0.0
SAMSUNG SM-G930P Build/NRD90M,23,0,0.0039,0.0,0.0
SM-G800F Build/MMB29K,23,0,0.0039,0.0,0.0
SM-J327T1 Build/NRD90M,23,9,0.0039,39.1304,11.1833
SM-G950U1 Build/NRD90M,23,0,0.0039,0.0,0.0
XT1254 Build/MCG24.251-5-5,22,0,0.0037,0.0,0.0
VS987 Build/NRD90U,22,0,0.0037,0.0,0.0
SAMSUNG SM-J327T1 Build/NRD90M,22,9,0.0037,40.9091,11.6917
G3223 Build/42.0.A.4.101,22,0,0.0037,0.0,0.0
rv:47.0,22,3,0.0037,13.6364,3.8972
SM-G9600 Build/R16NW,22,9,0.0037,40.9091,11.6917
MotoE2(4G-LTE,22,3,0.0037,13.6364,3.8972
LG-D331 Build/LRX22G,22,0,0.0037,0.0,0.0
SM-T800 Build/MMB29K,22,0,0.0037,0.0,0.0
SAMSUNG SM-G920P Build/NRD90M,21,0,0.0036,0.0,0.0
SM-T580 Build/NRD90M,21,0,0.0036,0.0,0.0
SAMSUNG SM-G935A Build/NRD90M,21,1,0.0036,4.7619,1.3609
SAMSUNG SM-G930T Build/NRD90M,21,4,0.0036,19.0476,5.4437
SAMSUNG-SM-G928A Build/NRD90M,21,0,0.0036,0.0,0.0
MotoG3 Build/MPI24.65-33.1-2,21,1,0.0036,4.7619,1.3609
E5506 Build/29.2.A.0.166,21,0,0.0036,0.0,0.0
SM-A310F Build/NRD90M,21,1,0.0036,4.7619,1.3609
Ilium L910 Build/MRA58K,21,0,0.0036,0.0,0.0
E6603 Build/32.4.A.1.54,21,11,0.0036,52.381,14.9703
SM-N920A Build/MMB29K,21,21,0.0036,100.0,28.5796
SM-N900W8 Build/LRX21V,21,2,0.0036,9.5238,2.7219
gxq6580_weg_l Build/LMY47I,21,0,0.0036,0.0,0.0
LGMS210 Build/NRD90U,21,5,0.0036,23.8095,6.8047
SM-T377V Build/NMF26X,21,0,0.0036,0.0,0.0
BLADE A520 Build/NRD90M,21,3,0.0036,14.2857,4.0828
Blade V6 Max Build/MRA58K,21,0,0.0036,0.0,0.0
Moto G (5) Plus Build/NPNS25.137-92-8,21,1,0.0036,4.7619,1.3609
SM-J700T Build/NMF26X,20,0,0.0034,0.0,0.0
SM-T113NU Build/KTU84P,20,4,0.0034,20.0,5.7159
SAMSUNG SM-T580 Build/NRD90M,20,3,0.0034,15.0,4.2869
HUAWEI VNS-L31 Build/HUAWEIVNS-L31,20,0,0.0034,0.0,0.0
5054S Build/LMY47V,20,0,0.0034,0.0,0.0
STF-L09 Build/HUAWEISTF-L09,20,0,0.0034,0.0,0.0
FRD-L09 Build/HUAWEIFRD-L09,20,9,0.0034,45.0,12.8608
SM-P350 Build/MMB29M,20,0,0.0034,0.0,0.0
HTC One M9 Build/NRD90M,20,2,0.0034,10.0,2.858
SM-G935F Build/MMB29K,19,1,0.0032,5.2632,1.5042
SAMSUNG-SM-G920A Build/NRD90M,19,0,0.0032,0.0,0.0
VTR-L09 Build/HUAWEIVTR-L09,19,1,0.0032,5.2632,1.5042
Pixel 2 Build/OPM1.171019.011,19,0,0.0032,0.0,0.0
SAMSUNG SM-G935T Build/NRD90M,19,0,0.0032,0.0,0.0
SM-G920T Build/NRD90M,19,0,0.0032,0.0,0.0
Ilium L1120 Build/NRD90M,19,2,0.0032,10.5263,3.0084
Moto G (5) Plus Build/NPNS25.137-92-4,19,6,0.0032,31.5789,9.0251
XT1053 Build/LPAS23.12-21.7-1,19,0,0.0032,0.0,0.0
SAMSUNG SM-T587P Build/NRD90M,19,0,0.0032,0.0,0.0
rv:55.0,19,0,0.0032,0.0,0.0
F8331 Build/41.2.A.7.76,19,5,0.0032,26.3158,7.5209
rv:38.0,19,0,0.0032,0.0,0.0
E2306 Build/26.3.A.1.33,19,5,0.0032,26.3158,7.5209
C6743 Build/LMY47V,19,1,0.0032,5.2632,1.5042
BLADE L7 Build/MRA58K,19,4,0.0032,21.0526,6.0167
SAMSUNG SM-G928G Build/NRD90M,18,0,0.003,0.0,0.0
SM-A710M Build/NRD90M,18,5,0.003,27.7778,7.9388
SM-A710M Build/LMY47X,18,0,0.003,0.0,0.0
moto x4 Build/NPW26.83-18-2-0-4,18,5,0.003,27.7778,7.9388
SM-G925T Build/NRD90M,18,3,0.003,16.6667,4.7633
Linux i686,18,0,0.003,0.0,0.0
E2306 Build/26.1.A.3.111,18,0,0.003,0.0,0.0
SM-A510M Build/LMY47X,18,14,0.003,77.7778,22.2286
Moto G Play Build/NPIS26.48-36-2,18,0,0.003,0.0,0.0
SM-J110M Build/LMY48B,18,4,0.003,22.2222,6.351
XT1650,18,4,0.003,22.2222,6.351
F3111 Build/33.3.A.1.97,18,0,0.003,0.0,0.0
LG-H918 Build/NRD90M,17,0,0.0029,0.0,0.0
MYA-L03 Build/HUAWEIMYA-L03,17,14,0.0029,82.3529,23.5361
LG-H872 Build/NRD90U,17,0,0.0029,0.0,0.0
D6603 Build/23.5.A.1.291,17,0,0.0029,0.0,0.0
SAMSUNG SM-A720F Build/NRD90M,17,0,0.0029,0.0,0.0
TA-1039 Build/N2G47H,17,14,0.0029,82.3529,23.5361
ILIUM,17,0,0.0029,0.0,0.0
SAMSUNG SM-G950U Build/R16NW,17,0,0.0029,0.0,0.0
FIG-LX3 Build/HUAWEIFIG-LX3,17,0,0.0029,0.0,0.0
Lenovo TB3-710F Build/LRX21M,17,3,0.0029,17.6471,5.0435
4047G Build/NRD90M,17,1,0.0029,5.8824,1.6812
SM-A500M Build/LRX22G,17,4,0.0029,23.5294,6.7246
M4 SS4458 Build/MMB29M,17,0,0.0029,0.0,0.0
BLU,17,0,0.0029,0.0,0.0
SM-T350 Build/MMB29M,17,0,0.0029,0.0,0.0
SAMSUNG SM-G550T1 Build/MMB29K,17,13,0.0029,76.4706,21.855
SM-A720F Build/MMB29K,17,9,0.0029,52.9412,15.1304
M4 SS4451 Build/LMY47D,16,0,0.0027,0.0,0.0
HTC,16,0,0.0027,0.0,0.0
SM-G9650 Build/R16NW,16,8,0.0027,50.0,14.2898
Moto G Play Build/NPIS26.48-36-5,16,0,0.0027,0.0,0.0
SAMSUNG SM-G530H Build/LRX22G,16,2,0.0027,12.5,3.5724
F5321 Build/34.3.A.0.238,16,0,0.0027,0.0,0.0
Mi A1 Build/OPR1.170623.026,16,2,0.0027,12.5,3.5724
SM-N920P Build/NRD90M,16,4,0.0027,25.0,7.1449
SAMSUNG SM-N950U Build/R16NW,16,0,0.0027,0.0,0.0
Redmi,16,0,0.0027,0.0,0.0
HTC One_M8 Build/MRA58K,16,0,0.0027,0.0,0.0
PRA-LX1 Build/HUAWEIPRA-LX1,16,0,0.0027,0.0,0.0
SM-J320FN Build/LMY47V,16,0,0.0027,0.0,0.0
SM-G900F Build/MMB29M,16,0,0.0027,0.0,0.0
rv:50.0,16,0,0.0027,0.0,0.0
SM-T530NU Build/LRX22G,16,0,0.0027,0.0,0.0
SAMSUNG SM-G610M Build/NRD90M,16,2,0.0027,12.5,3.5724
SAMSUNG SM-G900M Build/LRX21T,15,0,0.0025,0.0,0.0
XT1635-01 Build/NDNS26.118-23-12-3,15,4,0.0025,26.6667,7.6212
rv:49.0,15,4,0.0025,26.6667,7.6212
SAMSUNG SM-G570M Build/MMB29K,15,2,0.0025,13.3333,3.8106
Ilium X520 Build/NRD90M,15,0,0.0025,0.0,0.0
SAMSUNG-SM-G900A Build/LRX21T,15,0,0.0025,0.0,0.0
LG-H542 Build/LRX22G,15,0,0.0025,0.0,0.0
SM-G850M Build/LRX22G,15,0,0.0025,0.0,0.0
Pixel 2 XL Build/OPM1.171019.011,15,0,0.0025,0.0,0.0
SGH-I337M Build/LRX22C,15,0,0.0025,0.0,0.0
LG-K430 Build/MRA58K,15,0,0.0025,0.0,0.0
LGMP450 Build/NRD90U,15,0,0.0025,0.0,0.0
SM-A530F Build/NMF26X,15,4,0.0025,26.6667,7.6212
Lenovo TB3-710I Build/LMY47I,15,11,0.0025,73.3333,20.9584
Microsoft,15,0,0.0025,0.0,0.0
MHA-L09 Build/HUAWEIMHA-L09,15,2,0.0025,13.3333,3.8106
SM-S727VL Build/MMB29M,15,9,0.0025,60.0,17.1478
LG-H420 Build/LRX21Y,15,1,0.0025,6.6667,1.9053
XT1635-02,15,6,0.0025,40.0,11.4318
SAMSUNG SM-J710MN Build/MMB29K,15,0,0.0025,0.0,0.0
Android 4.4.2,14,0,0.0024,0.0,0.0
Moto G (5) Build/NPPS25.137-93-4,14,0,0.0024,0.0,0.0
MotoG3-TE Build/MPDS24.65-33-1-30,14,3,0.0024,21.4286,6.1242
Moto Z2 Play Build/NPSS26.118-19-6,14,0,0.0024,0.0,0.0
SAMSUNG SM-J700M Build/LMY48B,14,0,0.0024,0.0,0.0
LG-H850 Build/MMB29M,14,0,0.0024,0.0,0.0
SM-A520W Build/NRD90M,14,3,0.0024,21.4286,6.1242
Moto E (4) Plus Build/NMA26.42-142,14,0,0.0024,0.0,0.0
Mi A1 Build/N2G47H,14,0,0.0024,0.0,0.0
E5506 Build/29.1.A.0.101,14,1,0.0024,7.1429,2.0414
KFTHWI Build/KTU84M,13,0,0.0022,0.0,0.0
Z982 Build/NMF26V,13,0,0.0022,0.0,0.0
KFSUWI Build/LVY48F,13,0,0.0022,0.0,0.0
rv:53.0,13,0,0.0022,0.0,0.0
XT1710-02 Build/NDSS26.118-23-19-6,13,0,0.0022,0.0,0.0
GT-S7580L Build/JDQ39,13,0,0.0022,0.0,0.0
SM-G800M Build/KOT49H,13,3,0.0022,23.0769,6.5953
SAMSUNG-SM-G900A Build/MMB29M,13,0,0.0022,0.0,0.0
SM-J700H Build/MMB29K,13,0,0.0022,0.0,0.0
SM-T813 Build/NRD90M,13,0,0.0022,0.0,0.0
P008 Build/NRD90M,13,0,0.0022,0.0,0.0
LG-K240 Build/MXB48T,13,0,0.0022,0.0,0.0
Z956 Build/MMB29M,13,0,0.0022,0.0,0.0
LG-TP260 Build/NRD90U,13,0,0.0022,0.0,0.0
Windows NT 6.2,13,8,0.0022,61.5385,17.5874
BLADE V8 Build/NRD90M,13,0,0.0022,0.0,0.0
BLADE A602 Build/MRA58K,13,0,0.0022,0.0,0.0
SAMSUNG SM-T710 Build/NRD90M,13,10,0.0022,76.9231,21.9843
Alcatel_5098O Build/MMB29M,13,0,0.0022,0.0,0.0
F5121 Build/34.3.A.0.228,13,0,0.0022,0.0,0.0
4013M Build/KOT49H,13,1,0.0022,7.6923,2.1984
SAMSUNG SM-G955U Build/R16NW,13,0,0.0022,0.0,0.0
SM-G928T Build/NRD90M,13,0,0.0022,0.0,0.0
SAMSUNG SM-G925F Build/NRD90M,13,3,0.0022,23.0769,6.5953
5010S Build/MRA58K,13,0,0.0022,0.0,0.0
SAMSUNG-SM-G530AZ Build/LMY48B,13,3,0.0022,23.0769,6.5953
SM-J100VPP Build/LMY48B,12,6,0.002,50.0,14.2898
SAMSUNG SM-A320FL Build/NRD90M,12,0,0.002,0.0,0.0
G3123 Build/40.0.A.6.175,12,12,0.002,100.0,28.5796
SM-T713 Build/NRD90M,12,1,0.002,8.3333,2.3816
BLADE V8Q Build/N2G47H,12,9,0.002,75.0,21.4347
SM-G920V Build/MMB29K,12,0,0.002,0.0,0.0
Moto Z2 Play Build/NPS26.74-16-1,12,9,0.002,75.0,21.4347
Moto Z2 Play Build/NPSS26.118-19-11,12,10,0.002,83.3333,23.8163
SM-J727VPP Build/NRD90M,12,0,0.002,0.0,0.0
SAMSUNG SM-J320M Build/LMY47V,12,0,0.002,0.0,0.0
SM-P355M Build/MMB29M,12,3,0.002,25.0,7.1449
SAMSUNG SM-J510MN Build/MMB29M,12,0,0.002,0.0,0.0
SM-G550T Build/MMB29K,12,3,0.002,25.0,7.1449
Blade L3 Build/KOT49H,12,12,0.002,100.0,28.5796
Moto G (4) Build/NPJS25.93-14-8.1-4,12,9,0.002,75.0,21.4347
SM-G900P Build/MMB29M,12,0,0.002,0.0,0.0
SM-A510F Build/NRD90M,12,0,0.002,0.0,0.0
SM-G930U Build/NRD90M,12,0,0.002,0.0,0.0
Moto G (4) Build/NPJS25.93-14-18,12,6,0.002,50.0,14.2898
KFTBWI Build/LVY48F,12,0,0.002,0.0,0.0
SAMSUNG SM-T810 Build/NRD90M,11,5,0.0019,45.4545,12.9907
SM-T230NU Build/KOT49H,11,0,0.0019,0.0,0.0
SM-T377P Build/NMF26X,11,0,0.0019,0.0,0.0
SM-N920G Build/NRD90M,11,0,0.0019,0.0,0.0
SM-G930W8 Build/NRD90M,11,3,0.0019,27.2727,7.7944
SM-A520F Build/MMB29K,11,0,0.0019,0.0,0.0
VKY-L09 Build/HUAWEIVKY-L09,11,0,0.0019,0.0,0.0
SM-T827V Build/NRD90M,11,0,0.0019,0.0,0.0
C6906 Build/14.6.A.1.236,11,0,0.0019,0.0,0.0
SAMSUNG-SM-G925A Build/MMB29K,11,0,0.0019,0.0,0.0
SM-G900T Build/MMB29M,11,0,0.0019,0.0,0.0
SAMSUNG SM-J530F Build/NRD90M,11,0,0.0019,0.0,0.0
moto x4 Build/OPW27.57-40,11,0,0.0019,0.0,0.0
Nexus 6 Build/MOB30M,11,11,0.0019,100.0,28.5796
Moto E (4) Build/NDQS26.69-23-2-3,11,5,0.0019,45.4545,12.9907
TR10CS1 Build/JDQ39,11,10,0.0019,90.9091,25.9814
GT-I8190L Build/JZO54K,11,4,0.0019,36.3636,10.3926
Pixel Build/OPR3.170623.013,11,0,0.0019,0.0,0.0
Ilium LT500 Build/LMY47O,11,0,0.0019,0.0,0.0
GT-P5210 Build/JDQ39,11,0,0.0019,0.0,0.0
SM-P580 Build/NRD90M,11,0,0.0019,0.0,0.0
SM-J730G Build/NRD90M,11,1,0.0019,9.0909,2.5981
Aquaris,11,0,0.0019,0.0,0.0
SAMSUNG SM-J327A Build/NRD90M,11,0,0.0019,0.0,0.0
SM-G960U Build/R16NW,11,0,0.0019,0.0,0.0
E5823 Build/32.4.A.1.54,11,0,0.0019,0.0,0.0
SM-T700 Build/MMB29K,11,0,0.0019,0.0,0.0
M4 SS4457 Build/MRA58K,11,1,0.0019,9.0909,2.5981
SM-N910F Build/MMB29M,11,0,0.0019,0.0,0.0
Z813 Build/LMY47O,11,11,0.0019,100.0,28.5796
Le X520 Build/IEXCNFN5902303111S,11,7,0.0019,63.6364,18.187
SM-G930V Build/MMB29M,11,0,0.0019,0.0,0.0
Lenovo YT3-850M Build/MMB29M,11,10,0.0019,90.9091,25.9814
LG-TP450 Build/NRD90U,10,0,0.0017,0.0,0.0
Redmi 4A Build/MMB29M,10,0,0.0017,0.0,0.0
K88 Build/MMB29M,10,0,0.0017,0.0,0.0
NOKIA,10,10,0.0017,100.0,28.5796
XT1030 Build/SU6-7.7,10,0,0.0017,0.0,0.0
LG-M210 Build/NRD90U,10,0,0.0017,0.0,0.0
LG-LS997 Build/NRD90M,10,0,0.0017,0.0,0.0
Hisense F102 Build/NRD90M,10,0,0.0017,0.0,0.0
LG-LS993 Build/NRD90U,10,0,0.0017,0.0,0.0
XT1063 Build/MPB24.65-34,10,0,0.0017,0.0,0.0
SAMSUNG SM-G900F Build/MMB29M,10,0,0.0017,0.0,0.0
ALP-L09 Build/HUAWEIALP-L09,10,3,0.0017,30.0,8.5739
SAMSUNG-SM-N920A Build/NRD90M,10,0,0.0017,0.0,0.0
Touch,10,0,0.0017,0.0,0.0
HUAWEI Y560-L03 Build/HUAWEIY560-L03,10,0,0.0017,0.0,0.0
XT1650 Build/NPLS26.118-20-5-11,10,3,0.0017,30.0,8.5739
LGMS550 Build/NRD90U,10,2,0.0017,20.0,5.7159
XT1563 Build/MPDS24.107-52-5,10,4,0.0017,40.0,11.4318
ZTE Blade L5 Build/LMY47I,10,0,0.0017,0.0,0.0
SAMSUNG-SGH-I337 Build/KOT49H,10,0,0.0017,0.0,0.0
Ilium X210 Build/LMY47I,10,0,0.0017,0.0,0.0
Redmi 5 Plus Build/N2G47H,10,0,0.0017,0.0,0.0
SAMSUNG SM-N920P Build/NRD90M,10,0,0.0017,0.0,0.0
KFTT Build/IML74K,10,0,0.0017,0.0,0.0
Pixel Build/OPM1.171019.016,10,5,0.0017,50.0,14.2898
SAMSUNG SM-G965U Build/R16NW,10,5,0.0017,50.0,14.2898
rv:39.0,10,0,0.0017,0.0,0.0
SAMSUNG-SM-J327A Build/NRD90M,10,0,0.0017,0.0,0.0
Moto G Play Build/NPI26.48-36,10,7,0.0017,70.0,20.0057
XT1563 Build/MPD24.107-52,10,2,0.0017,20.0,5.7159
SAMSUNG SM-A510M Build/NRD90M,10,0,0.0017,0.0,0.0
F8331,9,0,0.0015,0.0,0.0
SM-J530F Build/NRD90M,9,0,0.0015,0.0,0.0
SM-G730W8 Build/KOT49H,9,0,0.0015,0.0,0.0
SAMSUNG-SM-T377A Build/MMB29K,9,0,0.0015,0.0,0.0
SAMSUNG SM-G920F Build/NRD90M,9,0,0.0015,0.0,0.0
LG-K530 Build/NRD90U,9,0,0.0015,0.0,0.0
SAMSUNG SM-N910A Build/MMB29M,9,0,0.0015,0.0,0.0
G3223 Build/42.0.A.4.167,9,0,0.0015,0.0,0.0
M4 SS4450 Build/MRA58K,9,1,0.0015,11.1111,3.1755
SM-N910C Build/MMB29K,9,0,0.0015,0.0,0.0
SAMSUNG SM-N920T Build/NRD90M,9,0,0.0015,0.0,0.0
Moto C Build/NRD90M.054,9,0,0.0015,0.0,0.0
Moto C Build/NRD90M.057,9,0,0.0015,0.0,0.0
SM-J727V Build/NRD90M,9,0,0.0015,0.0,0.0
Lenovo A6020l37 Build/LMY47V,9,0,0.0015,0.0,0.0
ASUS_X015D Build/NRD90M,9,0,0.0015,0.0,0.0
HUAWEI GRA-L09 Build/HUAWEIGRA-L09,9,0,0.0015,0.0,0.0
SM-G965F Build/R16NW,9,0,0.0015,0.0,0.0
rv:41.0,9,0,0.0015,0.0,0.0
SAMSUNG SM-J700T Build/NMF26X,9,1,0.0015,11.1111,3.1755
SOV33 Build/35.0.D.2.25,9,0,0.0015,0.0,0.0
MotoG3-TE Build/MPDS24.65-33-1-3,9,8,0.0015,88.8889,25.4041
LG-M710 Build/NRD90U,9,0,0.0015,0.0,0.0
SM-T817V Build/NRD90M,9,0,0.0015,0.0,0.0
rv:43.0,9,3,0.0015,33.3333,9.5265
SAMSUNG SM-G925T Build/NRD90M,9,2,0.0015,22.2222,6.351
SM-G610F Build/NRD90M,9,4,0.0015,44.4444,12.702
RNE-L21 Build/HUAWEIRNE-L21,9,0,0.0015,0.0,0.0
SAMSUNG SM-G892A Build/NRD90M,9,0,0.0015,0.0,0.0
XT1710-02 Build/NDSS26.118-23-15,9,0,0.0015,0.0,0.0
RCT6203W46 Build/KOT49H,9,9,0.0015,100.0,28.5796
VTR-AL00 Build/HUAWEIVTR-AL00,9,0,0.0015,0.0,0.0
D5803 Build/23.5.A.1.291,9,0,0.0015,0.0,0.0
SM-G900M Build/MMB29M,9,0,0.0015,0.0,0.0
SAMSUNG SM-G925I Build/NRD90M,9,0,0.0015,0.0,0.0
5085B Build/MRA58K,9,2,0.0015,22.2222,6.351
Tmovi Build/Vision,9,0,0.0015,0.0,0.0
HUAWEI Y625-U13 Build/HUAWEIY625-U13,9,0,0.0015,0.0,0.0
SAMSUNG-SM-G890A Build/NRD90M,9,0,0.0015,0.0,0.0
SM-T560NU Build/NMF26X,9,0,0.0015,0.0,0.0
XT1063 Build/MPB24.65-34-3,9,0,0.0015,0.0,0.0
LG-D855 Build/LRX21R,9,2,0.0015,22.2222,6.351
Ilium L620 Build/NRD90M,9,0,0.0015,0.0,0.0
XT1650 Build/NCLS26.118-23-13-6-5,9,0,0.0015,0.0,0.0
SM-J327T Build/NRD90M,9,0,0.0015,0.0,0.0
ZTE,9,0,0.0015,0.0,0.0
KFAUWI Build/LVY48F,9,1,0.0015,11.1111,3.1755
SM-T113 Build/KTU84P,9,0,0.0015,0.0,0.0
SAMSUNG SM-G920A Build/NRD90M,9,0,0.0015,0.0,0.0
5049W Build/NRD90M,9,6,0.0015,66.6667,19.0531
Hisense,9,0,0.0015,0.0,0.0
H1711 Build/HUAWEIH1711,9,1,0.0015,11.1111,3.1755
E6853 Build/32.4.A.1.54,9,2,0.0015,22.2222,6.351
SAMSUNG SM-J327T Build/NRD90M,9,6,0.0015,66.6667,19.0531
SM-T530 Build/LRX22G,8,0,0.0014,0.0,0.0
BLN-L21 Build/HONORBLN-L21,8,0,0.0014,0.0,0.0
SAMSUNG SM-A300H Build/LRX22G,8,0,0.0014,0.0,0.0
SM-T820 Build/NRD90M,8,0,0.0014,0.0,0.0
SM-N910T Build/MMB29M,8,0,0.0014,0.0,0.0
Redmi 3S Build/MMB29M,8,0,0.0014,0.0,0.0
SM-T110 Build/JDQ39,8,0,0.0014,0.0,0.0
SM-T230 Build/KOT49H,8,0,0.0014,0.0,0.0
SAMSUNG SM-G935W8 Build/NRD90M,8,0,0.0014,0.0,0.0
SM-J700T Build/MMB29K,8,8,0.0014,100.0,28.5796
SAMSUNG SM-G935P Build/NRD90M,8,0,0.0014,0.0,0.0
SAMSUNG SM-G935F Build/MMB29K,8,2,0.0014,25.0,7.1449
SAMSUNG SM-G920T Build/NRD90M,8,0,0.0014,0.0,0.0
XT1080 Build/SU6-7.7,8,0,0.0014,0.0,0.0
SM-J727T Build/NRD90M,8,0,0.0014,0.0,0.0
XT1021 Build/LPCS23.13-34.8-3,8,5,0.0014,62.5,17.8622
ALCATEL ONE TOUCH 7047A Build/JDQ39,8,0,0.0014,0.0,0.0
ALP-L09 Build/HUAWEIALP-L09S,8,0,0.0014,0.0,0.0
Z983 Build/NMF26F,8,1,0.0014,12.5,3.5724
Moto Z2 Play Build/NPSS26.118-19-4,8,0,0.0014,0.0,0.0
Blade A465 Build/LMY47D,8,0,0.0014,0.0,0.0
rv:42.0,8,0,0.0014,0.0,0.0
SAMSUNG SM-J327P Build/MMB29M,8,0,0.0014,0.0,0.0
es-mx,8,3,0.0014,37.5,10.7173
moto x4 Build/NPW26.83-42,8,0,0.0014,0.0,0.0
XT1635-01,8,0,0.0014,0.0,0.0
LG-D373 Build/KOT49I.V10a,8,0,0.0014,0.0,0.0
LG-H910 Build/NRD90M,8,0,0.0014,0.0,0.0
SAMSUNG SM-J250M Build/NMF26X,8,0,0.0014,0.0,0.0
QTAQZ3 Build/LMY47V,8,0,0.0014,0.0,0.0
Neffos C5 Build/LMY47D,8,3,0.0014,37.5,10.7173
D5316 Build/19.4.A.0.182,8,0,0.0014,0.0,0.0
SAMSUNG SM-N950U1 Build/NMF26X,8,0,0.0014,0.0,0.0
G8141,8,1,0.0014,12.5,3.5724
QTASUN1 Build/NRD90M,8,3,0.0014,37.5,10.7173
Turbo C5 Build/LMY47I,8,0,0.0014,0.0,0.0
SAMSUNG SM-T530NU Build/LRX22G,8,0,0.0014,0.0,0.0
SAMSUNG SM-G920I Build/NRD90M,8,0,0.0014,0.0,0.0
XT890 Build/9.8.2I-50_SML-25,8,8,0.0014,100.0,28.5796
SAMSUNG SM-J500M Build/MMB29M,8,0,0.0014,0.0,0.0
Android 6.0.1,8,0,0.0014,0.0,0.0
Pixel Build/OPM4.171019.016.B1,8,0,0.0014,0.0,0.0
SM-N900T Build/LRX21V,8,3,0.0014,37.5,10.7173
Android 5.1.1,8,0,0.0014,0.0,0.0
SM-G900M Build/KOT49H,8,5,0.0014,62.5,17.8622
SAMSUNG SM-J727T1 Build/NRD90M,8,0,0.0014,0.0,0.0
SM-J327V Build/NRD90M,8,0,0.0014,0.0,0.0
M4,8,0,0.0014,0.0,0.0
E5803 Build/32.4.A.1.54,8,0,0.0014,0.0,0.0
SM-G955U1 Build/NRD90M,8,0,0.0014,0.0,0.0
Ilium L610 Build/MRA58K,8,0,0.0014,0.0,0.0
SAMSUNG SM-G890A Build/NRD90M,8,0,0.0014,0.0,0.0
9008A Build/NRD90M,8,0,0.0014,0.0,0.0
Build/OPM1.171019.011,8,3,0.0014,37.5,10.7173
LenovoA3300-GV Build/JDQ39,7,0,0.0012,0.0,0.0
SM-A730F Build/NMF26X,7,0,0.0012,0.0,0.0
Android 6.0,7,0,0.0012,0.0,0.0
4047A Build/NRD90M,7,0,0.0012,0.0,0.0
LGMS330 Build/LMY47V,7,0,0.0012,0.0,0.0
SAMSUNG SM-G570M Build/NRD90M,7,2,0.0012,28.5714,8.1656
F5321,7,0,0.0012,0.0,0.0
G3123,7,3,0.0012,42.8571,12.2484
SM-P550 Build/MMB29M,7,1,0.0012,14.2857,4.0828
SAMSUNG SM-A710M Build/NRD90M,7,0,0.0012,0.0,0.0
GT-I9060L Build/JDQ39,7,0,0.0012,0.0,0.0
SAMSUNG SM-G900T Build/MMB29M,7,0,0.0012,0.0,0.0
SM-P550 Build/NMF26X,7,1,0.0012,14.2857,4.0828
KFAPWI Build/KTU84M,7,0,0.0012,0.0,0.0
SM-J727U Build/NRD90M,7,0,0.0012,0.0,0.0
TA-1044 Build/NMF26F,7,0,0.0012,0.0,0.0
SAMSUNG SM-P580 Build/NRD90M,7,0,0.0012,0.0,0.0
E6553,7,0,0.0012,0.0,0.0
Android 7.0,7,0,0.0012,0.0,0.0
F3113 Build/33.2.A.3.81,7,0,0.0012,0.0,0.0
SM-J710MN Build/NRD90M,7,0,0.0012,0.0,0.0
Ilium L950 Build/KTU84P,7,0,0.0012,0.0,0.0
Pixel Build/OPM2.171019.029,7,0,0.0012,0.0,0.0
Moto G (5) Plus Build/NPN25.137-83,7,0,0.0012,0.0,0.0
Nexus 6 Build/N6F27M,7,0,0.0012,0.0,0.0
XT1021 Build/KXC21.5-40,7,0,0.0012,0.0,0.0
SM-T800,7,0,0.0012,0.0,0.0
LG-M153 Build/MXB48T,7,0,0.0012,0.0,0.0
SAMSUNG SM-J500FN Build/MMB29M,7,0,0.0012,0.0,0.0
9003A Build/MRA58K,7,3,0.0012,42.8571,12.2484
LG-LS777 Build/NRD90U,7,0,0.0012,0.0,0.0
VS501 Build/NRD90U,7,0,0.0012,0.0,0.0
LG-K450 Build/MXB48T,7,0,0.0012,0.0,0.0
Nexus 6P Build/OPR5.170623.011,7,0,0.0012,0.0,0.0
Redmi Note 3 Build/MMB29M,7,1,0.0012,14.2857,4.0828
ONE,7,0,0.0012,0.0,0.0
ONEPLUS A5000 Build/NMF26X,7,0,0.0012,0.0,0.0
SAMSUNG SM-G930R4 Build/NRD90M,7,0,0.0012,0.0,0.0
TA-1028 Build/NRD90M,7,0,0.0012,0.0,0.0
Pixel XL Build/OPM4.171019.016.B1,7,0,0.0012,0.0,0.0
Z9 PLUS Build/NRD90M,7,0,0.0012,0.0,0.0
Pixel 2 Build/OPM1.171019.021,7,0,0.0012,0.0,0.0
A574BL Build/NMF26F,7,7,0.0012,100.0,28.5796
SM-J700T1 Build/NMF26X,7,0,0.0012,0.0,0.0
FRD-L04 Build/HUAWEIFRD-L04,7,0,0.0012,0.0,0.0
Moto G (5) Plus Build/NPNS25.137-92-10,7,0,0.0012,0.0,0.0
E2104 Build/24.0.A.5.14,7,4,0.0012,57.1429,16.3312
rv:35.0,7,0,0.0012,0.0,0.0
LG-H815 Build/MRA58K,7,0,0.0012,0.0,0.0
Redmi Note 4X Build/MRA58K,6,0,0.001,0.0,0.0
2PS64 Build/NRD90M,6,0,0.001,0.0,0.0
SAMSUNG SM-N920A Build/NRD90M,6,0,0.001,0.0,0.0
SAMSUNG-SM-J320A Build/MMB29K,6,0,0.001,0.0,0.0
Alcatel_4060O Build/MMB29M,6,5,0.001,83.3333,23.8163
SAMSUNG SM-G900A Build/MMB29M,6,0,0.001,0.0,0.0
ASUS_X008DC Build/NRD90M,6,0,0.001,0.0,0.0
ASUS_Z00AD Build/LRX21V,6,0,0.001,0.0,0.0
SM-T310 Build/KOT49H,6,0,0.001,0.0,0.0
SCH-I545 Build/LRX22C,6,0,0.001,0.0,0.0
Nexus 5 Build/M4B30Z,6,0,0.001,0.0,0.0
P5046A,6,0,0.001,0.0,0.0
SAMSUNG SM-A510F Build/NRD90M,6,0,0.001,0.0,0.0
VS990 Build/MRA58K,6,0,0.001,0.0,0.0
SAMSUNG-SM-N900A Build/LRX21V,6,0,0.001,0.0,0.0
rv:46.0,6,0,0.001,0.0,0.0
SAMSUNG SM-A320Y Build/NRD90M,6,0,0.001,0.0,0.0
7055A Build/KVT49L,6,0,0.001,0.0,0.0
Pixel 2 XL Build/OPM1.171019.021,6,0,0.001,0.0,0.0
Pixel 2 XL Build/OPM2.171019.029,6,0,0.001,0.0,0.0
5051A Build/MMB29M,6,0,0.001,0.0,0.0
Nexus 5X Build/OPM3.171019.013,6,0,0.001,0.0,0.0
moto x4 Build/OPWS27.57-40-14,6,0,0.001,0.0,0.0
SAMSUNG SM-G850F/G850FXXS2CQD9 Build/LRX22G,6,0,0.001,0.0,0.0
Moto Z2 Play Build/NPS26.118-19,6,0,0.001,0.0,0.0
MotoG3,6,0,0.001,0.0,0.0
8062 Build/MRA58K,6,1,0.001,16.6667,4.7633
SM-N920C Build/NRD90M,6,0,0.001,0.0,0.0
moto,6,0,0.001,0.0,0.0
ALCATEL ONE TOUCH 7040A Build/JDQ39,6,0,0.001,0.0,0.0
Moto G (4) Build/NPJ25.93-14,6,0,0.001,0.0,0.0
SAMSUNG SM-G965F Build/R16NW,6,0,0.001,0.0,0.0
SM-N950U1 Build/NMF26X,6,0,0.001,0.0,0.0
Moto G (4) Build/NPJS25.93-14-8,6,0,0.001,0.0,0.0
Moto E (4) Plus Build/NMA26.42-152,6,1,0.001,16.6667,4.7633
VS986 Build/MRA58K,6,0,0.001,0.0,0.0
SAMSUNG SM-G960U Build/R16NW,6,3,0.001,50.0,14.2898
ALCATEL ONE TOUCH 5036A Build/JDQ39,6,0,0.001,0.0,0.0
AX920,6,0,0.001,0.0,0.0
Studio,6,0,0.001,0.0,0.0
ALCATEL,6,1,0.001,16.6667,4.7633
SAMSUNG-SM-G925A Build/NRD90M,6,0,0.001,0.0,0.0
S.N.O.W.4,6,0,0.001,0.0,0.0
Moto C Plus Build/NRD90M.05.022,6,2,0.001,33.3333,9.5265
Moto G (5) Build/NPP25.137-15,6,4,0.001,66.6667,19.0531
Moto G (5) Build/NPP25.137-33,6,0,0.001,0.0,0.0
VS980 4G Build/LRX22G,6,0,0.001,0.0,0.0
G3313 Build/43.0.A.7.25,6,0,0.001,0.0,0.0
SM-J710GN Build/MMB29K,6,0,0.001,0.0,0.0
ZTE Blade A511 Build/MRA58K,6,5,0.001,83.3333,23.8163
F3113 Build/33.2.A.4.70,6,0,0.001,0.0,0.0
KFASWI Build/LVY48F,6,0,0.001,0.0,0.0
SM-G930F Build/MMB29K,6,0,0.001,0.0,0.0
XT1563 Build/MPD24.65-25,6,0,0.001,0.0,0.0
LT22i Build/6.2.A.1.100,6,5,0.001,83.3333,23.8163
SM-G925I Build/MMB29K,6,2,0.001,33.3333,9.5265
BAH-L09 Build/HUAWEIBAH-L09,6,0,0.001,0.0,0.0
HUAWEI CAN-L11 Build/HUAWEICAN-L11,6,0,0.001,0.0,0.0
LG-D331,6,3,0.001,50.0,14.2898
Ilium Pad T7X Build/LMY47I,6,5,0.001,83.3333,23.8163
Ilium LT520 Build/NRD90M,6,0,0.001,0.0,0.0
LG-H820 Build/NRD90U,6,0,0.001,0.0,0.0
E5306 Build/27.3.A.0.129,6,4,0.001,66.6667,19.0531
EVA-L19 Build/HUAWEIEVA-L19,6,0,0.001,0.0,0.0
SM-J120FN Build/LMY47X,6,0,0.001,0.0,0.0
LG-H811 Build/MRA58K,6,0,0.001,0.0,0.0
SM-J710F Build/NRD90M,6,0,0.001,0.0,0.0
HUAWEI Y360-U23 Build/HUAWEIY360-U23,6,3,0.001,50.0,14.2898
HUAWEI Y520-U03 Build/HUAWEIY520-U03,6,3,0.001,50.0,14.2898
XT1565,6,0,0.001,0.0,0.0
BLA-L29 Build/HUAWEIBLA-L29,6,0,0.001,0.0,0.0
Hisense F32 Build/NMF26F,6,0,0.001,0.0,0.0
XT1040,6,0,0.001,0.0,0.0
Hisense L675 PRO Build/NRD90M,6,0,0.001,0.0,0.0
HTC U11 Build/NMF26X,6,0,0.001,0.0,0.0
HTC One mini Build/KOT49H,6,0,0.001,0.0,0.0
BLU STUDIO C 5+5 Build/LRX21M,6,0,0.001,0.0,0.0
Aquaris V Build/N2G47H,6,0,0.001,0.0,0.0
SM-G903F Build/MMB29K,6,0,0.001,0.0,0.0
SM-J320V Build/NMF26X,6,0,0.001,0.0,0.0
LG-V410,6,0,0.001,0.0,0.0
LG-H990 Build/NRD90M,6,0,0.001,0.0,0.0
STV100-4 Build/LMY47V,6,0,0.001,0.0,0.0
Z832 Build/MMB29M,6,5,0.001,83.3333,23.8163
SM-G800F Build/KOT49H,6,0,0.001,0.0,0.0
GT-N5110 Build/JDQ39,6,0,0.001,0.0,0.0
SM-T560NU Build/MMB29M,6,0,0.001,0.0,0.0
LG-K540 Build/MMB29M,6,0,0.001,0.0,0.0
SM-G925T Build/LMY47X,6,6,0.001,100.0,28.5796
SM-G930R4 Build/NRD90M,6,0,0.001,0.0,0.0
XT1650 Build/NPLS26.118-20-5-3,6,0,0.001,0.0,0.0
SM-G960F Build/R16NW,6,0,0.001,0.0,0.0
LG-H871,6,0,0.001,0.0,0.0
LG-D855,6,1,0.001,16.6667,4.7633
D5306 Build/19.4.A.0.182,6,0,0.001,0.0,0.0
G3423,6,4,0.001,66.6667,19.0531
F5121 Build/34.4.A.2.19,6,0,0.001,0.0,0.0
F5121,6,0,0.001,0.0,0.0
LG-D850,5,0,0.0008,0.0,0.0
QTAQZ3 Build/KOT49H,5,0,0.0008,0.0,0.0
RNE-L23 Build/HUAWEIRNE-L23,5,5,0.0008,100.0,28.5796
DLI-L22 Build/HONORDLI-L22,5,0,0.0008,0.0,0.0
LG-H700 Build/NRD90U,5,0,0.0008,0.0,0.0
RS988 Build/MMB29M,5,0,0.0008,0.0,0.0
QTAIR7 Build/LMY47D,5,0,0.0008,0.0,0.0
Android,5,0,0.0008,0.0,0.0
Pixel XL Build/OPM1.171019.016,5,0,0.0008,0.0,0.0
LG-H870DS Build/NRD90U,5,0,0.0008,0.0,0.0
SGH-I317M,5,0,0.0008,0.0,0.0
TA-1025 Build/NMF26F,5,0,0.0008,0.0,0.0
ZTE BLADE V8 MINI Build/NRD90M,5,0,0.0008,0.0,0.0
P4526A Build/NRD90M,5,0,0.0008,0.0,0.0
TA-1028 Build/NMF26O,5,0,0.0008,0.0,0.0
XT1032 Build/LPBS23.13-57-2,5,0,0.0008,0.0,0.0
A96 Build/LMY47I,5,0,0.0008,0.0,0.0
PULP 4G Build/LMY47V,5,0,0.0008,0.0,0.0
Pixel 2 Build/OPM1.171019.019,5,0,0.0008,0.0,0.0
SM-G900F Build/KOT49H,5,1,0.0008,20.0,5.7159
ZTE BLADE A512 Build/MMB29M,5,0,0.0008,0.0,0.0
Pixel 2 Build/OPM2.171019.016,5,0,0.0008,0.0,0.0
SM-J500FN Build/MMB29M,5,0,0.0008,0.0,0.0
Pixel 2 XL Build/OPM1.171019.013,5,0,0.0008,0.0,0.0
ZTE A2017U Build/NRD90M,5,0,0.0008,0.0,0.0
LG-H831 Build/NRD90U,5,0,0.0008,0.0,0.0
Pixel 2 XL Build/OPM2.171019.029.B1,5,0,0.0008,0.0,0.0
Pixel Build/OPM1.171019.012,5,0,0.0008,0.0,0.0
SM-G920F Build/MMB29K,5,0,0.0008,0.0,0.0
E5823,5,0,0.0008,0.0,0.0
Redmi Note 4 Build/MMB29M,5,3,0.0008,60.0,17.1478
HUAWEI CAN-L01 Build/HUAWEICAN-L01,5,0,0.0008,0.0,0.0
TREKKER-X3 Build/MMB29M,5,0,0.0008,0.0,0.0
SAMSUNG-SM-G870A Build/MMB29M,5,0,0.0008,0.0,0.0
HTC One Build/LRX22G,5,1,0.0008,20.0,5.7159
HTC One A9 Build/NRD90M,5,0,0.0008,0.0,0.0
SAMSUNG SM-J320FN Build/LMY47V,5,0,0.0008,0.0,0.0
HTC Desire 526G Build/KOT49H,5,0,0.0008,0.0,0.0
HTC Desire 510 Build/KOT49H,5,0,0.0008,0.0,0.0
HTC 10 Build/NRD90M,5,0,0.0008,0.0,0.0
SAMSUNG SM-J500M Build/LMY48B,5,0,0.0008,0.0,0.0
Fractal,5,3,0.0008,60.0,17.1478
SAMSUNG SM-J710MN Build/NRD90M,5,0,0.0008,0.0,0.0
Z798BL Build/MMB29M,5,4,0.0008,80.0,22.8637
vivo,5,0,0.0008,0.0,0.0
G3223,5,0,0.0008,0.0,0.0
G8141 Build/47.1.A.5.51,5,0,0.0008,0.0,0.0
SAMSUNG SM-S727VL Build/MMB29M,5,2,0.0008,40.0,11.4318
SM-G950W,5,0,0.0008,0.0,0.0
SM-G928V Build/MMB29K,5,0,0.0008,0.0,0.0
F1f Build/LMY47V,5,0,0.0008,0.0,0.0
SM-N950U1 Build/R16NW,5,0,0.0008,0.0,0.0
SAMSUNG SM-G930F/XXU2DRC1 Build/NRD90M,5,0,0.0008,0.0,0.0
SM-J320P Build/LMY47X,5,0,0.0008,0.0,0.0
SAMSUNG-SM-G920A Build/MMB29K,5,0,0.0008,0.0,0.0
XT1097,5,0,0.0008,0.0,0.0
S60 Build/MMB29M,5,0,0.0008,0.0,0.0
7048A Build/LRX22G,5,0,0.0008,0.0,0.0
6039A Build/LRX22G,5,0,0.0008,0.0,0.0
SAMSUNG SM-A510M Build/MMB29K,5,3,0.0008,60.0,17.1478
Z965 Build/NMF26V,5,5,0.0008,100.0,28.5796
E5306 Build/27.3.A.0.165,5,0,0.0008,0.0,0.0
Ilium,5,0,0.0008,0.0,0.0
XT1572 Build/NPHS25.200-15-8,5,0,0.0008,0.0,0.0
SAMSUNG SM-G900I Build/MMB29M,5,0,0.0008,0.0,0.0
SAMSUNG SM-G920F Build/LRX22G,5,0,0.0008,0.0,0.0
E6810 Build/5.320VZ.03.r,5,0,0.0008,0.0,0.0
SAMSUNG SM-G925P Build/MMB29K,5,1,0.0008,20.0,5.7159
HUAWEI M2-801W Build/HUAWEIM2-801W,5,0,0.0008,0.0,0.0
SM-P600 Build/LMY47X,5,0,0.0008,0.0,0.0
XT1032 Build/KXB21.14-L1.40,5,0,0.0008,0.0,0.0
Pixel XL Build/OPM1.171019.021,5,0,0.0008,0.0,0.0
Moto E (4) Plus Build/NMA26.42-11-3,5,1,0.0008,20.0,5.7159
Lenovo TB-7703X Build/S100,5,0,0.0008,0.0,0.0
LM-X210(G,5,4,0.0008,80.0,22.8637
MotoG3-TE Build/MPD24.65-33,5,5,0.0008,100.0,28.5796
en-us,5,0,0.0008,0.0,0.0
SM-A310F Build/MMB29K,5,0,0.0008,0.0,0.0
Lenovo PB1-750M Build/S100,5,0,0.0008,0.0,0.0
SM-G360T1 Build/LMY47X,5,0,0.0008,0.0,0.0
Moto E (4) Build/NMA26.42-11-3,5,0,0.0008,0.0,0.0
Blade,5,0,0.0008,0.0,0.0
Moto E (4) Build/NDQS26.69-64-2,5,0,0.0008,0.0,0.0
NEM-L51 Build/HONORNEM-L51,5,0,0.0008,0.0,0.0
Lenovo YT3-850F Build/MMB29M,5,0,0.0008,0.0,0.0
Moto C Build/NRD90M.070,5,0,0.0008,0.0,0.0
LG-M327 Build/NRD90U,5,1,0.0008,20.0,5.7159
iris 870 Build/MRA58K,5,0,0.0008,0.0,0.0
LGUS215 Build/NRD90U,5,0,0.0008,0.0,0.0
LG-V495,5,0,0.0008,0.0,0.0
LGMS631 Build/MRA58K,5,0,0.0008,0.0,0.0
MotoG3 Build/MPI24.65-25,5,0,0.0008,0.0,0.0
XT1008 Build/LPBS23.13-56-2,5,0,0.0008,0.0,0.0
WAS-TL10 Build/HUAWEIWAS-TL10,5,0,0.0008,0.0,0.0
BOIE9,5,0,0.0008,0.0,0.0
MotoE2 Build/LPCS23.13-56-5,5,0,0.0008,0.0,0.0
LGMS550 Build/MXB48T,5,0,0.0008,0.0,0.0
ASUS_Z017D,5,0,0.0008,0.0,0.0
XT1003,5,0,0.0008,0.0,0.0
rv:14.0,5,5,0.0008,100.0,28.5796
BLA-L09 Build/HUAWEIBLA-L09,5,0,0.0008,0.0,0.0
BLU LIFE XL Build/L050U,5,0,0.0008,0.0,0.0
BLU ENERGY X PLUS Build/LRX21M,5,0,0.0008,0.0,0.0
SM-T330NU Build/LMY47X,5,0,0.0008,0.0,0.0
BLN-L24 Build/HONORBLN-L24,5,0,0.0008,0.0,0.0
SM-A310M Build/NRD90M,5,0,0.0008,0.0,0.0
SM-G360V Build/LMY48B,5,0,0.0008,0.0,0.0
Vivo,5,0,0.0008,0.0,0.0
MHA-L29 Build/HUAWEIMHA-L29,5,0,0.0008,0.0,0.0
Blade A475 Build/LMY47D,5,1,0.0008,20.0,5.7159
ONEPLUS A5010 Build/OPM1.171019.011,5,0,0.0008,0.0,0.0
LG-K428 Build/MMB29M,5,0,0.0008,0.0,0.0
XT1032,5,0,0.0008,0.0,0.0
rv:44.0,5,0,0.0008,0.0,0.0
ONE A2005 Build/MMB29M,5,0,0.0008,0.0,0.0
Nexus 6P Build/OPR5.170623.014,5,0,0.0008,0.0,0.0
MI,5,1,0.0008,20.0,5.7159
Alcatel_5044R Build/NRD90M,5,4,0.0008,80.0,22.8637
ONE TOUCH 4016A Build/JDQ39,5,0,0.0008,0.0,0.0
Win64,4,0,0.0007,0.0,0.0
HUAWEI VNS-L21 Build/HUAWEIVNS-L21,4,0,0.0007,0.0,0.0
VTR-L29,4,0,0.0007,0.0,0.0
GT-P5210 Build/KOT49H,4,0,0.0007,0.0,0.0
orbis,4,0,0.0007,0.0,0.0
0PM92,4,2,0.0007,50.0,14.2898
G3123 Build/40.0.A.6.189,4,0,0.0007,0.0,0.0
G3123 Build/40.0.A.6.135,4,0,0.0007,0.0,0.0
SM-A510F Build/MMB29K,4,0,0.0007,0.0,0.0
TA-1044 Build/OPR1.170623.026,4,0,0.0007,0.0,0.0
E6853,4,0,0.0007,0.0,0.0
E6810,4,0,0.0007,0.0,0.0
Moto G (5) Build/NPPS25.137-93-8,4,0,0.0007,0.0,0.0
SM-N900V Build/LRX21V,4,0,0.0007,0.0,0.0
TA-1052,4,0,0.0007,0.0,0.0
GT-I9300,4,0,0.0007,0.0,0.0
SM-G928G Build/MMB29K,4,0,0.0007,0.0,0.0
LGLS992,4,0,0.0007,0.0,0.0
SM-T550,4,0,0.0007,0.0,0.0
SAMSUNG SM-G903F Build/MMB29K,4,0,0.0007,0.0,0.0
LGLS770,4,0,0.0007,0.0,0.0
SAMSUNG-SM-G890A Build/MMB29K,4,0,0.0007,0.0,0.0
LGLS665 Build/LMY47V,4,0,0.0007,0.0,0.0
5054N,4,0,0.0007,0.0,0.0
SM-N920V,4,0,0.0007,0.0,0.0
Moto G (5) Plus Build/NPNS25.137-93-8,4,0,0.0007,0.0,0.0
SAMSUNG SM-N900W8 Build/LRX21V,4,1,0.0007,25.0,7.1449
GT-I9505 Build/LRX22C,4,0,0.0007,0.0,0.0
SM-P900,4,0,0.0007,0.0,0.0
GT-I9500,4,0,0.0007,0.0,0.0
FP2,4,0,0.0007,0.0,0.0
Lenovo YT3-X50F Build/MMB29M,4,0,0.0007,0.0,0.0
SM-N910T Build/LMY47X,4,0,0.0007,0.0,0.0
Lenovo TB2-X30F Build/LenovoTB2-X30F,4,0,0.0007,0.0,0.0
Moto E (4) Build/NCQ26.69-56,4,3,0.0007,75.0,21.4347
SAMSUNG SM-J530GM Build/NRD90M,4,0,0.0007,0.0,0.0
2PYB2,4,0,0.0007,0.0,0.0
SM-S903VL,4,0,0.0007,0.0,0.0
M4 SS4452 Build/LMY47V,4,0,0.0007,0.0,0.0
Lenovo TAB 2 A7-30GC Build/KOT49H,4,0,0.0007,0.0,0.0
F3311,4,0,0.0007,0.0,0.0
SAMSUNG SM-G9650 Build/R16NW,4,2,0.0007,50.0,14.2898
SAMSUNG SM-J700T1 Build/NMF26X,4,0,0.0007,0.0,0.0
Lenovo PB2-670Y Build/MRA58K,4,3,0.0007,75.0,21.4347
AX820 Build/MRA58K,4,0,0.0007,0.0,0.0
HTC6535LVW,4,0,0.0007,0.0,0.0
iris 820 Build/MRA58K,4,0,0.0007,0.0,0.0
SAMSUNG SM-G950U1 Build/NRD90M,4,0,0.0007,0.0,0.0
HTC6545LVW,4,0,0.0007,0.0,0.0
HTCD100LVWPP,4,0,0.0007,0.0,0.0
SM-T217S Build/KOT49H,4,4,0.0007,100.0,28.5796
WAS-LX1 Build/HUAWEIWAS-LX1,4,0,0.0007,0.0,0.0
HUAWEI Build/MMB28B,4,0,0.0007,0.0,0.0
FRD-L14 Build/HUAWEIFRD-L14,4,0,0.0007,0.0,0.0
verykoolS5530 Build/LMY47I,4,0,0.0007,0.0,0.0
VS996,4,0,0.0007,0.0,0.0
STV100-2 Build/MMB29M,4,0,0.0007,0.0,0.0
SM-G930VL Build/NRD90M,4,0,0.0007,0.0,0.0
SM-G928P Build/NRD90M,4,0,0.0007,0.0,0.0
SM-G720AX,4,0,0.0007,0.0,0.0
SM-G925F Build/NRD90M,4,0,0.0007,0.0,0.0
E5606,4,0,0.0007,0.0,0.0
LG-H810,4,0,0.0007,0.0,0.0
LG-H830 Build/NRD90U,4,0,0.0007,0.0,0.0
SGP521,4,0,0.0007,0.0,0.0
SM-G850M,4,4,0.0007,100.0,28.5796
ZUUM_ZEN_I Build/LRX21M,4,0,0.0007,0.0,0.0
LG-M430 Build/NRD90U,4,0,0.0007,0.0,0.0
en-gb,4,2,0.0007,50.0,14.2898
LG-H650 Build/LMY47V,4,0,0.0007,0.0,0.0
SM-G610F,4,0,0.0007,0.0,0.0
LG-H631,4,0,0.0007,0.0,0.0
SM-T825 Build/NRD90M,4,0,0.0007,0.0,0.0
SM-T520,4,0,0.0007,0.0,0.0
SAMSUNG-SM-J320A Build/NMF26X,4,0,0.0007,0.0,0.0
XT1058 Build/LPAS23.12-21.7-1,4,0,0.0007,0.0,0.0
A1601 Build/LMY47I,4,0,0.0007,0.0,0.0
LG-K550 Build/NRD90U,4,0,0.0007,0.0,0.0
LG-K428 Build/NRD90U,4,0,0.0007,0.0,0.0
SM-G530T,4,0,0.0007,0.0,0.0
SGH-M919 Build/KTU84P,4,0,0.0007,0.0,0.0
LG-K371,4,2,0.0007,50.0,14.2898
ONE TOUCH 4033A Build/JDQ39,4,0,0.0007,0.0,0.0
SC-02H,4,0,0.0007,0.0,0.0
TA-1027 Build/N2G47H,4,0,0.0007,0.0,0.0
TA-1027 Build/OPR1.170623.026,4,0,0.0007,0.0,0.0
SM-J510FN,4,0,0.0007,0.0,0.0
TA-1028 Build/O00623,4,0,0.0007,0.0,0.0
SM-J510F,4,0,0.0007,0.0,0.0
SAMSUNG-SM-T337A Build/LMY47X,4,1,0.0007,25.0,7.1449
LG-H901,4,0,0.0007,0.0,0.0
C6906,4,0,0.0007,0.0,0.0
VS425,4,0,0.0007,0.0,0.0
SAMSUNG-SM-N910A,4,0,0.0007,0.0,0.0
AERIAL,4,1,0.0007,25.0,7.1449
REX,4,2,0.0007,50.0,14.2898
SM-G900H Build/MMB29K,4,0,0.0007,0.0,0.0
Lenovo TB-X103F Build/LenovoTB-X103F,4,0,0.0007,0.0,0.0
E5506,4,0,0.0007,0.0,0.0
KFSAWI,4,0,0.0007,0.0,0.0
SM-G920V,4,0,0.0007,0.0,0.0
KIW-L24,4,0,0.0007,0.0,0.0
Z971,4,0,0.0007,0.0,0.0
ALUMINI,4,0,0.0007,0.0,0.0
SAMSUNG-SM-G900A Build/LMY47X,4,0,0.0007,0.0,0.0
LGL164VL Build/NRD90U,4,0,0.0007,0.0,0.0
LG-V521,4,0,0.0007,0.0,0.0
SM-G920P,4,0,0.0007,0.0,0.0
Dream,4,4,0.0007,100.0,28.5796
XT1021,4,4,0.0007,100.0,28.5796
SM-G920W8,4,0,0.0007,0.0,0.0
SAMSUNG SM-A310F/A310FXXU4CRB1 Build/NRD90M,4,0,0.0007,0.0,0.0
MotoG3 Build/MPIS24.65-25.1-19,4,0,0.0007,0.0,0.0
SM-G903M,4,0,0.0007,0.0,0.0
X3402,4,0,0.0007,0.0,0.0
ALCATEL ONE TOUCH 7042A Build/JDQ39,4,0,0.0007,0.0,0.0
SM-G925I Build/LMY47X,4,0,0.0007,0.0,0.0
MotoG3 Build/MPIS24.107-55-2-17,4,0,0.0007,0.0,0.0
SM-A320Y,3,0,0.0005,0.0,0.0
TA-1025,3,0,0.0005,0.0,0.0
SM-N9500,3,0,0.0005,0.0,0.0
SM-T670,3,0,0.0005,0.0,0.0
SM-G388F,3,0,0.0005,0.0,0.0
STK_Sync_5e,3,0,0.0005,0.0,0.0
SGH-I337M,3,0,0.0005,0.0,0.0
SM-G925W8,3,0,0.0005,0.0,0.0
SM-G935W8,3,0,0.0005,0.0,0.0
TA-1025 Build/OPR1.170623.026,3,0,0.0005,0.0,0.0
STV100-1,3,0,0.0005,0.0,0.0
TA-1027,3,0,0.0005,0.0,0.0
SM-G920T1,3,0,0.0005,0.0,0.0
SM-A320FL Build/MMB29K,3,0,0.0005,0.0,0.0
SM-T555,3,0,0.0005,0.0,0.0
SM-G928V,3,0,0.0005,0.0,0.0
SGH-M919V,3,0,0.0005,0.0,0.0
SM-G390F,3,0,0.0005,0.0,0.0
SM-G900W8,3,0,0.0005,0.0,0.0
SM-G900T1,3,0,0.0005,0.0,0.0
SAMSUNG-SM-G930A,3,0,0.0005,0.0,0.0
SM-G900P Build/LRX21T,3,0,0.0005,0.0,0.0
SAMSUNG-SM-G935A,3,0,0.0005,0.0,0.0
SM-S902L,3,0,0.0005,0.0,0.0
SM-J327VPP Build/NRD90M,3,0,0.0005,0.0,0.0
SM-G318ML,3,0,0.0005,0.0,0.0
SM-J320V Build/MMB29M,3,0,0.0005,0.0,0.0
SAMSUNG-SM-J320AZ Build/MMB29K,3,0,0.0005,0.0,0.0
SM-G920I,3,0,0.0005,0.0,0.0
SAMSUNG-SGH-I497,3,0,0.0005,0.0,0.0
SM-A300M Build/KTU84P,3,3,0.0005,100.0,28.5796
SAMSUNG-SM-N900A,3,3,0.0005,100.0,28.5796
SM-G920R4,3,0,0.0005,0.0,0.0
SM-A500FU Build/MMB29M,3,0,0.0005,0.0,0.0
SM-G900F Build/LRX21T,3,0,0.0005,0.0,0.0
SM-A300FU Build/MMB29M,3,0,0.0005,0.0,0.0
SM-G955U1 Build/R16NW,3,0,0.0005,0.0,0.0
SM-J727P,3,0,0.0005,0.0,0.0
SM-J700P,3,0,0.0005,0.0,0.0
SAMSUNG-SM-G900A Build/KOT49H,3,0,0.0005,0.0,0.0
SM-S920L,3,0,0.0005,0.0,0.0
XT1225,3,0,0.0005,0.0,0.0
D2306 Build/18.6.A.0.182,3,0,0.0005,0.0,0.0
Z837VL,3,2,0.0005,66.6667,19.0531
F3113,3,0,0.0005,0.0,0.0
F3111 Build/33.3.A.1.115,3,0,0.0005,0.0,0.0
EML-L29 Build/HUAWEIEML-L29,3,0,0.0005,0.0,0.0
E6833,3,0,0.0005,0.0,0.0
LGL83BL,3,0,0.0005,0.0,0.0
LGL84VL Build/NRD90U,3,0,0.0005,0.0,0.0
E2104,3,1,0.0005,33.3333,9.5265
LGLS751,3,0,0.0005,0.0,0.0
LGLS990,3,0,0.0005,0.0,0.0
LGLS991,3,0,0.0005,0.0,0.0
WOW64,3,0,0.0005,0.0,0.0
D6503,3,0,0.0005,0.0,0.0
LGMS428,3,0,0.0005,0.0,0.0
LIMIT,3,0,0.0005,0.0,0.0
F80 PIABELLA Build/MRA58K,3,0,0.0005,0.0,0.0
CPH1701,3,0,0.0005,0.0,0.0
ZTE BLADE A6 Build/NMF26F,3,0,0.0005,0.0,0.0
ZTE-Z835,3,3,0.0005,100.0,28.5796
Build/OPR1.170623.032,3,0,0.0005,0.0,0.0
Moto C Build/NRD90M.046,3,0,0.0005,0.0,0.0
BV7000,3,0,0.0005,0.0,0.0
MotoG3 Build/MPI24.65-25.1,3,0,0.0005,0.0,0.0
BLADE V7 Build/MRA58K,3,0,0.0005,0.0,0.0
NX521J,3,0,0.0005,0.0,0.0
BBB100-3,3,0,0.0005,0.0,0.0
BBB100-1,3,0,0.0005,0.0,0.0
B3-A40,3,0,0.0005,0.0,0.0
B1-750,3,0,0.0005,0.0,0.0
VS835,3,0,0.0005,0.0,0.0
XT1008,3,0,0.0005,0.0,0.0
F80'S+,3,0,0.0005,0.0,0.0
iris50,3,0,0.0005,0.0,0.0
XT1580 Build/NPKS25.200-17-8,3,0,0.0005,0.0,0.0
KFJWI,3,0,0.0005,0.0,0.0
KFMEWI,3,0,0.0005,0.0,0.0
KFSOWI,3,0,0.0005,0.0,0.0
KYOCERA-C6742A Build/LMY47V,3,0,0.0005,0.0,0.0
Intel,3,0,0.0005,0.0,0.0
LG-D213,3,0,0.0005,0.0,0.0
XT1092,3,0,0.0005,0.0,0.0
LG-D625,3,0,0.0005,0.0,0.0
LG-D693n,3,0,0.0005,0.0,0.0
LG-D722,3,0,0.0005,0.0,0.0
XT1064,3,0,0.0005,0.0,0.0
Hisense F8 MINI Build/NRD90M,3,0,0.0005,0.0,0.0
XT1580,3,0,0.0005,0.0,0.0
Hisense E51 Build/LMY47V,3,3,0.0005,100.0,28.5796
XT1609 Build/NPIS26.48-38-3,3,1,0.0005,33.3333,9.5265
LG-P714,3,0,0.0005,0.0,0.0
HIGHWAY,3,0,0.0005,0.0,0.0
XT1033,3,3,0.0005,100.0,28.5796
GT-P5113,3,0,0.0005,0.0,0.0
LG-H815,3,0,0.0005,0.0,0.0
LG-K330,3,2,0.0005,66.6667,19.0531
GT-I9506,3,0,0.0005,0.0,0.0
Z410,3,1,0.0005,33.3333,9.5265
LG-K373,3,0,0.0005,0.0,0.0
LG-K420,3,0,0.0005,0.0,0.0
LG-K550,3,0,0.0005,0.0,0.0
LG-LS998,3,0,0.0005,0.0,0.0
LG-M154,3,0,0.0005,0.0,0.0
LG-M200 Build/NRD90U,3,0,0.0005,0.0,0.0
G3313,3,0,0.0005,0.0,0.0
Aquaris_A4.5,3,0,0.0005,0.0,0.0
XT1528,3,0,0.0005,0.0,0.0
P5026A,3,0,0.0005,0.0,0.0
SAMSUNG SM-A730F Build/NMF26X,3,0,0.0005,0.0,0.0
SAMSUNG SM-G925P Build/NRD90M,3,0,0.0005,0.0,0.0
SAMSUNG SM-G892A Build/R16NW,3,0,0.0005,0.0,0.0
verykoolS5525,3,0,0.0005,0.0,0.0
SAMSUNG SM-G530T Build/LMY47X,3,0,0.0005,0.0,0.0
Redmi 4A Build/N2G47H,3,0,0.0005,0.0,0.0
P5526A Build/NRD90M,3,1,0.0005,33.3333,9.5265
AX921 Build/MRA58K,3,0,0.0005,0.0,0.0
PH-1,3,0,0.0005,0.0,0.0
AM508,3,0,0.0005,0.0,0.0
6045I Build/LRX22G,3,2,0.0005,66.6667,19.0531
TRT-LX3,3,0,0.0005,0.0,0.0
moto g(6) play Build/OPP27.61-14-4,3,0,0.0005,0.0,0.0
Techpad,3,0,0.0005,0.0,0.0
ASUS_X00ID,3,0,0.0005,0.0,0.0
ASUS_X00DDA,3,0,0.0005,0.0,0.0
S57 Build/KTU84P,3,0,0.0005,0.0,0.0
P5006A Build/NRD90M,3,0,0.0005,0.0,0.0
PSPC550 Build/LMY47D,3,0,0.0005,0.0,0.0
R2,3,0,0.0005,0.0,0.0
RCT6223W87,3,0,0.0005,0.0,0.0
ONE A2003 Build/MMB29M,3,0,0.0005,0.0,0.0
A0001 Build/MHC19Q,3,0,0.0005,0.0,0.0
P5006A,3,0,0.0005,0.0,0.0
verykoolS5005,3,0,0.0005,0.0,0.0
TREKKER-M1,3,0,0.0005,0.0,0.0
8080 Build/LRX21M,3,0,0.0005,0.0,0.0
REVVLPLUS,3,1,0.0005,33.3333,9.5265
A466BG,3,3,0.0005,100.0,28.5796
5095I Build/MRA58K,3,0,0.0005,0.0,0.0
RS988,3,0,0.0005,0.0,0.0
SAMSUNG SM-N900T Build/LRX21V,3,0,0.0005,0.0,0.0
VK700 Build/LRX22G,3,0,0.0005,0.0,0.0
TOMMY2,3,0,0.0005,0.0,0.0
GT-N8000,2,0,0.0003,0.0,0.0
SM-P605V,2,0,0.0003,0.0,0.0
GT-P5110,2,0,0.0003,0.0,0.0
Z799VL,2,0,0.0003,0.0,0.0
SM-G935U,2,0,0.0003,0.0,0.0
GT-N7100,2,0,0.0003,0.0,0.0
Z,2,1,0.0003,50.0,14.2898
GRANT,2,0,0.0003,0.0,0.0
GT-I9515,2,0,0.0003,0.0,0.0
Z557BL,2,1,0.0003,50.0,14.2898
GT-I9195L,2,1,0.0003,50.0,14.2898
GT-S7390,2,0,0.0003,0.0,0.0
5056N,2,0,0.0003,0.0,0.0
SM-N9005 Build/LRX21V,2,0,0.0003,0.0,0.0
HTCD160LVWPP,2,0,0.0003,0.0,0.0
Grand,2,0,0.0003,0.0,0.0
SM-G930T1,2,0,0.0003,0.0,0.0
2PZC5,2,0,0.0003,0.0,0.0
4009F,2,0,0.0003,0.0,0.0
4027A Build/KOT49H,2,0,0.0003,0.0,0.0
Joy,2,0,0.0003,0.0,0.0
Ilium X220 Build/MRA58K,2,0,0.0003,0.0,0.0
Ilium L1000 Build/LRX22G,2,0,0.0003,0.0,0.0
SM-G925P Build/NRD90M,2,0,0.0003,0.0,0.0
verykools5004,2,0,0.0003,0.0,0.0
SM-S327VL,2,0,0.0003,0.0,0.0
IdeaTab,2,0,0.0003,0.0,0.0
verykools4009,2,0,0.0003,0.0,0.0
XT1575,2,0,0.0003,0.0,0.0
5017A,2,0,0.0003,0.0,0.0
XT1575 Build/NPHS25.200-23-1,2,0,0.0003,0.0,0.0
Hisense T963 Build/MRA58K,2,0,0.0003,0.0,0.0
5042A,2,0,0.0003,0.0,0.0
SM-T585,2,0,0.0003,0.0,0.0
XT1609,2,2,0.0003,100.0,28.5796
XT1609 Build/MPIS24.241-2.35-1-17,2,0,0.0003,0.0,0.0
SM-P607T,2,0,0.0003,0.0,0.0
HTCD200LVW,2,0,0.0003,0.0,0.0
HP,2,0,0.0003,0.0,0.0
Gravity Build/NRD90M,2,0,0.0003,0.0,0.0
G620S-L03,2,0,0.0003,0.0,0.0
A3_mini,2,0,0.0003,0.0,0.0
rv:61.0,2,1,0.0003,50.0,14.2898
SM-T377T,2,0,0.0003,0.0,0.0
SM-J500H,2,0,0.0003,0.0,0.0
XT1563,2,0,0.0003,0.0,0.0
CPH1723,2,0,0.0003,0.0,0.0
SM-J510FN Build/NMF26X,2,0,0.0003,0.0,0.0
COVET Build/NRD90M,2,0,0.0003,0.0,0.0
SM-T377V,2,0,0.0003,0.0,0.0
C6903,2,0,0.0003,0.0,0.0
SM-J530G,2,0,0.0003,0.0,0.0
SM-J700F,2,0,0.0003,0.0,0.0
C1904,2,0,0.0003,0.0,0.0
ZUR70016,2,0,0.0003,0.0,0.0
Blade A460 Build/LMY47O,2,0,0.0003,0.0,0.0
Advance,2,0,0.0003,0.0,0.0
SM-G955F,2,2,0.0003,100.0,28.5796
BNTV400,2,0,0.0003,0.0,0.0
BND-L34,2,0,0.0003,0.0,0.0
SM-N910P,2,0,0.0003,0.0,0.0
SM-N910H,2,0,0.0003,0.0,0.0
BG2-W09,2,0,0.0003,0.0,0.0
m3,2,0,0.0003,0.0,0.0
Alcatel_4060A,2,0,0.0003,0.0,0.0
Alumini3 Build/MRA58K,2,2,0.0003,100.0,28.5796
Alumini3Plus,2,0,0.0003,0.0,0.0
Archos,2,0,0.0003,0.0,0.0
SM-N900P Build/LRX21V,2,0,0.0003,0.0,0.0
Aquaris X5 Plus Build/NMF26F,2,0,0.0003,0.0,0.0
AX821 Build/MRA58K,2,0,0.0003,0.0,0.0
D5316,2,0,0.0003,0.0,0.0
ZEIA8,2,2,0.0003,100.0,28.5796
AX1070,2,0,0.0003,0.0,0.0
G527-U081,2,0,0.0003,0.0,0.0
Z833,2,0,0.0003,0.0,0.0
FEVER,2,0,0.0003,0.0,0.0
rv:52.9,2,1,0.0003,50.0,14.2898
Aquaris U Plus Build/NMF26F,2,0,0.0003,0.0,0.0
Z839,2,0,0.0003,0.0,0.0
F3213,2,0,0.0003,0.0,0.0
SM-J100MU,2,0,0.0003,0.0,0.0
Energy X 2 Build/E050L,2,0,0.0003,0.0,0.0
Edison,2,0,0.0003,0.0,0.0
rv:37.0,2,0,0.0003,0.0,0.0
EGO,2,0,0.0003,0.0,0.0
rv:33.0,2,0,0.0003,0.0,0.0
SM-J200H,2,0,0.0003,0.0,0.0
Z963VL,2,0,0.0003,0.0,0.0
E6633,2,0,0.0003,0.0,0.0
ASUS_X00DD,2,0,0.0003,0.0,0.0
SM-T320 Build/KOT49H,2,0,0.0003,0.0,0.0
E6603,2,0,0.0003,0.0,0.0
E5803,2,0,0.0003,0.0,0.0
DT0704K08,2,0,0.0003,0.0,0.0
SM-J320VPP,2,0,0.0003,0.0,0.0
ATT-IE11,2,0,0.0003,0.0,0.0
D6708,2,0,0.0003,0.0,0.0
SM-T337V,2,0,0.0003,0.0,0.0
D2306,2,0,0.0003,0.0,0.0
SAMSUNG SM-T550 Build/NMF26X,2,0,0.0003,0.0,0.0
K90U,2,0,0.0003,0.0,0.0
PE-TL10,2,0,0.0003,0.0,0.0
LGLS775 Build/MMB29M,2,0,0.0003,0.0,0.0
SM-E500M,2,0,0.0003,0.0,0.0
PLUS,2,0,0.0003,0.0,0.0
LGLS675 Build/LMY47V,2,0,0.0003,0.0,0.0
SM-E700M,2,0,0.0003,0.0,0.0
LGL62VL,2,0,0.0003,0.0,0.0
LGL58VL,2,0,0.0003,0.0,0.0
UL40,2,0,0.0003,0.0,0.0
LGL52VL Build/LMY47V,2,0,0.0003,0.0,0.0
U,2,0,0.0003,0.0,0.0
SAMSUNG-SM-J727AZ,2,0,0.0003,0.0,0.0
SM-G361F,2,0,0.0003,0.0,0.0
SM-G386T,2,0,0.0003,0.0,0.0
SAMSUNG-SM-J727A Build/NRD90M,2,0,0.0003,0.0,0.0
LGL163BL,2,0,0.0003,0.0,0.0
X78,2,0,0.0003,0.0,0.0
TA-1038,2,0,0.0003,0.0,0.0
LG-SP320,2,1,0.0003,50.0,14.2898
SM-G530M,2,0,0.0003,0.0,0.0
SAMSUNG-SM-J320AZ,2,0,0.0003,0.0,0.0
R831L,2,0,0.0003,0.0,0.0
SAMSUNG-SM-J120A,2,0,0.0003,0.0,0.0
RCT6303W87M7 Build/MRA58K,2,0,0.0003,0.0,0.0
VFD,2,0,0.0003,0.0,0.0
P00C,2,0,0.0003,0.0,0.0
LG-M322,2,0,0.0003,0.0,0.0
SM-A710M,2,1,0.0003,50.0,14.2898
T1,2,0,0.0003,0.0,0.0
SH-04F,2,0,0.0003,0.0,0.0
VS985,2,0,0.0003,0.0,0.0
N817,2,0,0.0003,0.0,0.0
SM-A310M,2,0,0.0003,0.0,0.0
Moto C Build/NRD90M.050,2,0,0.0003,0.0,0.0
Mi,2,2,0.0003,100.0,28.5796
VS996 Build/OPR1.170623.026,2,0,0.0003,0.0,0.0
SGP621 Build/23.5.A.1.291,2,0,0.0003,0.0,0.0
VS820,2,0,0.0003,0.0,0.0
Star,2,0,0.0003,0.0,0.0
MTT,2,0,0.0003,0.0,0.0
SGP511,2,0,0.0003,0.0,0.0
MI MAX 2 Build/NMF26F,2,0,0.0003,0.0,0.0
MAMI,2,0,0.0003,0.0,0.0
MALC,2,0,0.0003,0.0,0.0
M4 SS4457-R Build/NRD90M,2,0,0.0003,0.0,0.0
WAS-L03T Build/HUAWEIWAS-L03T,2,0,0.0003,0.0,0.0
LT30p,2,0,0.0003,0.0,0.0
LOGIC,2,0,0.0003,0.0,0.0
ONEPLUS,2,0,0.0003,0.0,0.0
Origins,2,0,0.0003,0.0,0.0
LGUS991,2,0,0.0003,0.0,0.0
LG-P708g,2,0,0.0003,0.0,0.0
R1,2,0,0.0003,0.0,0.0
LG-M257,2,0,0.0003,0.0,0.0
LG-H735 Build/LMY47V,2,0,0.0003,0.0,0.0
LG-H525n Build/MRA58K,2,0,0.0003,0.0,0.0
TA-1038 Build/O00623,2,0,0.0003,0.0,0.0
LG-M150,2,0,0.0003,0.0,0.0
SM-G900I,2,0,0.0003,0.0,0.0
SAMSUNG-SM-G920AZ,2,0,0.0003,0.0,0.0
LG-H443/H44312g,2,0,0.0003,0.0,0.0
S70V,2,0,0.0003,0.0,0.0
SAMSUNG SM-G800F Build/MMB29K,2,0,0.0003,0.0,0.0
SM-T807V,2,0,0.0003,0.0,0.0
SAMSUNG SM-G955F Build/R16NW,2,0,0.0003,0.0,0.0
TA-1044,2,0,0.0003,0.0,0.0
SM-G900R4,2,0,0.0003,0.0,0.0
SAMSUNG SM-G9600 Build/R16NW,2,0,0.0003,0.0,0.0
LG-E975,2,0,0.0003,0.0,0.0
LG-E450f,2,0,0.0003,0.0,0.0
SM-G900V,2,0,0.0003,0.0,0.0
SAMSUNG SM-G965U1 Build/R16NW,2,0,0.0003,0.0,0.0
XT1068,2,0,0.0003,0.0,0.0
SAMSUNG-SGH-I337,2,0,0.0003,0.0,0.0
SAMSUNG SM-T813 Build/NRD90M,2,0,0.0003,0.0,0.0
TAB7,2,2,0.0003,100.0,28.5796
XT1096,2,0,0.0003,0.0,0.0
SAMSUNG SM-N920V Build/NRD90M,2,0,0.0003,0.0,0.0
LG-H540,2,0,0.0003,0.0,0.0
SLA-L23,2,0,0.0003,0.0,0.0
LG-H812,2,0,0.0003,0.0,0.0
RCT6S03W12,2,0,0.0003,0.0,0.0
RCT6513W87 Build/MRA58K,2,0,0.0003,0.0,0.0
RCT6773W22B,2,0,0.0003,0.0,0.0
LG-LK460,2,0,0.0003,0.0,0.0
XT1032 Build/KXB20.9-1.10-1.24-1.1,2,0,0.0003,0.0,0.0
SM-G615F,2,2,0.0003,100.0,28.5796
LG-H960,2,0,0.0003,0.0,0.0
LG-H932,2,0,0.0003,0.0,0.0
LG-H900/H90022b,2,0,0.0003,0.0,0.0
LG-H830,2,0,0.0003,0.0,0.0
LG-H850,2,0,0.0003,0.0,0.0
RNE-L22 Build/HUAWEIRNE-L22,2,0,0.0003,0.0,0.0
SM-G892A,2,0,0.0003,0.0,0.0
LG-H820,2,0,0.0003,0.0,0.0
rv:29.0,1,1,0.0002,100.0,28.5796
TA-1004,1,0,0.0002,0.0,0.0
T08,1,0,0.0002,0.0,0.0
verykools5035,1,0,0.0002,0.0,0.0
TA-1003,1,0,0.0002,0.0,0.0
V502015,1,0,0.0002,0.0,0.0
SM-T355Y Build/NMF26X,1,0,0.0002,0.0,0.0
verykoolS5019,1,0,0.0002,0.0,0.0
SM-T285M,1,1,0.0002,100.0,28.5796
verykools5034,1,0,0.0002,0.0,0.0
iPhone,1,1,0.0002,100.0,28.5796
verykool,1,0,0.0002,0.0,0.0
VK810,1,0,0.0002,0.0,0.0
iris80,1,0,0.0002,0.0,0.0
Tornado,1,0,0.0002,0.0,0.0
SM-T210,1,0,0.0002,0.0,0.0
SM-T237P,1,0,0.0002,0.0,0.0
TA-1032,1,0,0.0002,0.0,0.0
V.40R,1,0,0.0002,0.0,0.0
VS500,1,0,0.0002,0.0,0.0
TA-1020,1,0,0.0002,0.0,0.0
VK815,1,0,0.0002,0.0,0.0
Tab2A7-10F,1,0,0.0002,0.0,0.0
SM-T330,1,0,0.0002,0.0,0.0
U FEEL LITE Build/MRA58K,1,0,0.0002,0.0,0.0
iris702,1,0,0.0002,0.0,0.0
verykoolS5524,1,0,0.0002,0.0,0.0
ZTE BLADE A321 Build/NMF26F,1,0,0.0002,0.0,0.0
hp2015,1,0,0.0002,0.0,0.0
Swift,1,0,0.0002,0.0,0.0
Z836BL,1,0,0.0002,0.0,0.0
XT1023,1,0,0.0002,0.0,0.0
SM-T827R4,1,0,0.0002,0.0,0.0
Z831,1,0,0.0002,0.0,0.0
Z812,1,0,0.0002,0.0,0.0
SM-T818V,1,0,0.0002,0.0,0.0
XT1031,1,0,0.0002,0.0,0.0
Z2,1,0,0.0002,0.0,0.0
SM-T817T,1,0,0.0002,0.0,0.0
YOLO,1,0,0.0002,0.0,0.0
YOGA,1,0,0.0002,0.0,0.0
Y550-L02,1,0,0.0002,0.0,0.0
XT1710-02,1,0,0.0002,0.0,0.0
SM-T580,1,0,0.0002,0.0,0.0
XT1680,1,0,0.0002,0.0,0.0
SM-T810,1,0,0.0002,0.0,0.0
XT1635-02 Build/OPN27.76-12-22,1,0,0.0002,0.0,0.0
XT1055,1,0,0.0002,0.0,0.0
XT1058,1,0,0.0002,0.0,0.0
XT1060,1,0,0.0002,0.0,0.0
XT1063,1,0,0.0002,0.0,0.0
XT1580 Build/NPKS25.200-12-9,1,0,0.0002,0.0,0.0
SM-T587P,1,0,0.0002,0.0,0.0
SM-T807T,1,0,0.0002,0.0,0.0
XT1072,1,0,0.0002,0.0,0.0
XT1080,1,0,0.0002,0.0,0.0
XT1094,1,0,0.0002,0.0,0.0
XT1095,1,0,0.0002,0.0,0.0
SM-T705,1,0,0.0002,0.0,0.0
SMART,1,0,0.0002,0.0,0.0
X900+,1,0,0.0002,0.0,0.0
SP7731G,1,0,0.0002,0.0,0.0
SM-T380,1,0,0.0002,0.0,0.0
VS880,1,0,0.0002,0.0,0.0
SM-T377P,1,0,0.0002,0.0,0.0
VS880PP,1,0,0.0002,0.0,0.0
Stellar,1,0,0.0002,0.0,0.0
ZTE-Z956,1,1,0.0002,100.0,28.5796
VT0701A08,1,0,0.0002,0.0,0.0
SM-S975L,1,0,0.0002,0.0,0.0
Shift Build/LMY47I,1,0,0.0002,0.0,0.0
Venue,1,0,0.0002,0.0,0.0
VerykoolS5030,1,0,0.0002,0.0,0.0
STV100-3,1,0,0.0002,0.0,0.0
XT1254,1,0,0.0002,0.0,0.0
SM-T377W,1,0,0.0002,0.0,0.0
WAS-LX2J,1,0,0.0002,0.0,0.0
X10,1,0,0.0002,0.0,0.0
ZA990,1,0,0.0002,0.0,0.0
Wileyfox,1,0,0.0002,0.0,0.0
ZA509,1,0,0.0002,0.0,0.0
SM-T530,1,1,0.0002,100.0,28.5796
ZA409,1,0,0.0002,0.0,0.0
STUDIO_G_HD,1,0,0.0002,0.0,0.0
Z970,1,0,0.0002,0.0,0.0
STELLAR,1,0,0.0002,0.0,0.0
SM-T537V,1,0,0.0002,0.0,0.0
Z959 Build/LMY47V,1,0,0.0002,0.0,0.0
SPH-L720T,1,0,0.0002,0.0,0.0
Z955A,1,0,0.0002,0.0,0.0
SPH-L720,1,0,0.0002,0.0,0.0
0PAJ5,1,0,0.0002,0.0,0.0
R8106,1,0,0.0002,0.0,0.0
SM-S907VL,1,0,0.0002,0.0,0.0
H550,1,0,0.0002,0.0,0.0
GT-S5310L,1,0,0.0002,0.0,0.0
GT-S7275B,1,0,0.0002,0.0,0.0
GT-S7582,1,0,0.0002,0.0,0.0
GT-S7582L,1,0,0.0002,0.0,0.0
Gigaset,1,0,0.0002,0.0,0.0
Grand2c,1,0,0.0002,0.0,0.0
H1611,1,0,0.0002,0.0,0.0
H3321,1,0,0.0002,0.0,0.0
HELIO,1,0,0.0002,0.0,0.0
GT-N8010,1,0,0.0002,0.0,0.0
HT0701A16,1,0,0.0002,0.0,0.0
HT0703K16,1,0,0.0002,0.0,0.0
HTC U11 Build/OPR6.170623.013,1,0,0.0002,0.0,0.0
HTC6500LVW,1,0,0.0002,0.0,0.0
HTC6525LVW,1,0,0.0002,0.0,0.0
HTC_D10i,1,0,0.0002,0.0,0.0
HTC_Desire_820,1,0,0.0002,0.0,0.0
HTC_One,1,0,0.0002,0.0,0.0
GT-P3100,1,0,0.0002,0.0,0.0
GT-N5110,1,0,0.0002,0.0,0.0
E501,1,0,0.0002,0.0,0.0
F8332,1,0,0.0002,0.0,0.0
E6653 Build/32.4.A.1.54,1,0,0.0002,0.0,0.0
E6683,1,0,0.0002,0.0,0.0
E6790TM,1,0,0.0002,0.0,0.0
E8QP,1,0,0.0002,0.0,0.0
F3313,1,0,0.0002,0.0,0.0
F5122,1,0,0.0002,0.0,0.0
F5321 Build/34.2.A.2.47,1,0,0.0002,0.0,0.0
F8131,1,0,0.0002,0.0,0.0
FTJ152D,1,0,0.0002,0.0,0.0
GT-I9195I,1,0,0.0002,0.0,0.0
Fusion5_u7,1,0,0.0002,0.0,0.0
G25524K,1,0,0.0002,0.0,0.0
G630-U251,1,0,0.0002,0.0,0.0
G8142,1,0,0.0002,0.0,0.0
G8341,1,0,0.0002,0.0,0.0
GRACE,1,0,0.0002,0.0,0.0
GT-I8190N,1,0,0.0002,0.0,0.0
GT-I8200N,1,0,0.0002,0.0,0.0
HTC_One_M8/4.28.502.2,1,0,0.0002,0.0,0.0
HTC_One_M8s/2.12.111.1,1,0,0.0002,0.0,0.0
HUAWEI LUA-U23 Build/HUAWEILUA-U23,1,0,0.0002,0.0,0.0
LG-H340AR,1,0,0.0002,0.0,0.0
LG-D693n Build/KOT49I.V10a,1,1,0.0002,100.0,28.5796
LG-D725,1,0,0.0002,0.0,0.0
LG-D802,1,0,0.0002,0.0,0.0
LG-D851,1,0,0.0002,0.0,0.0
LG-D959,1,0,0.0002,0.0,0.0
LG-E980h,1,0,0.0002,0.0,0.0
LG-F400K,1,0,0.0002,0.0,0.0
LG-H221,1,0,0.0002,0.0,0.0
LG-H343,1,0,0.0002,0.0,0.0
HUAWEI LYO-L21 Build/HUAWEILYO-L21,1,0,0.0002,0.0,0.0
LG-H345,1,0,0.0002,0.0,0.0
LG-H520,1,0,0.0002,0.0,0.0
LG-H810/H81021z,1,0,0.0002,0.0,0.0
LG-H810/H81022f,1,0,0.0002,0.0,0.0
LG-H931,1,0,0.0002,0.0,0.0
LG-H933,1,0,0.0002,0.0,0.0
LG-K212,1,0,0.0002,0.0,0.0
LG-K350,1,0,0.0002,0.0,0.0
LG-D681,1,0,0.0002,0.0,0.0
LG-D680,1,0,0.0002,0.0,0.0
LG-D400,1,0,0.0002,0.0,0.0
LG-D373,1,0,0.0002,0.0,0.0
Helix,1,0,0.0002,0.0,0.0
Hisense F24 Build/NRD90M,1,0,0.0002,0.0,0.0
ICON,1,0,0.0002,0.0,0.0
IO,1,0,0.0002,0.0,0.0
IdeaTabA1000-F,1,0,0.0002,0.0,0.0
IdeaTabA2109A,1,0,0.0002,0.0,0.0
Infinit,1,0,0.0002,0.0,0.0
Infinix,1,0,0.0002,0.0,0.0
K10,1,0,0.0002,0.0,0.0
K88,1,0,0.0002,0.0,0.0
K92,1,0,0.0002,0.0,0.0
KYY22,1,0,0.0002,0.0,0.0
Kylin,1,0,0.0002,0.0,0.0
LAVA_A3,1,0,0.0002,0.0,0.0
LDN-LX3 Build/HUAWEILDN-LX3,1,0,0.0002,0.0,0.0
LEX829,1,0,0.0002,0.0,0.0
LG-D320,1,0,0.0002,0.0,0.0
E5306,1,0,0.0002,0.0,0.0
E2303,1,0,0.0002,0.0,0.0
LG-LS995,1,0,0.0002,0.0,0.0
AKUS,1,0,0.0002,0.0,0.0
A5002,1,1,0.0002,100.0,28.5796
A50C+,1,0,0.0002,0.0,0.0
A577VL,1,0,0.0002,0.0,0.0
A621R,1,0,0.0002,0.0,0.0
A9,1,0,0.0002,0.0,0.0
A952,1,0,0.0002,0.0,0.0
A97,1,0,0.0002,0.0,0.0
AERIAL Build/NRD90M,1,0,0.0002,0.0,0.0
ALTER,1,0,0.0002,0.0,0.0
A37f,1,0,0.0002,0.0,0.0
ANE-LX3 Build/HUAWEIANE-LX3,1,0,0.0002,0.0,0.0
AOC_U706G,1,0,0.0002,0.0,0.0
ASTRO,1,0,0.0002,0.0,0.0
ASUS,1,0,0.0002,0.0,0.0
ASUS_A001,1,0,0.0002,0.0,0.0
ASUS_P00J,1,0,0.0002,0.0,0.0
ASUS_X008D Build/NRD90M,1,0,0.0002,0.0,0.0
ASUS_X00HD Build/NMF26F,1,0,0.0002,0.0,0.0
A463BG,1,0,0.0002,0.0,0.0
A3-A20,1,0,0.0002,0.0,0.0
E2006,1,0,0.0002,0.0,0.0
5057M,1,0,0.0002,0.0,0.0
1016S,1,0,0.0002,0.0,0.0
2PQ93,1,0,0.0002,0.0,0.0
4003A,1,0,0.0002,0.0,0.0
4034E,1,0,0.0002,0.0,0.0
4034G,1,0,0.0002,0.0,0.0
47418,1,0,0.0002,0.0,0.0
5044A,1,0,0.0002,0.0,0.0
5045I,1,0,0.0002,0.0,0.0
6037B,1,0,0.0002,0.0,0.0
A1-850,1,0,0.0002,0.0,0.0
6055B,1,0,0.0002,0.0,0.0
7_Plus,1,0,0.0002,0.0,0.0
831C,1,0,0.0002,0.0,0.0
9002A,1,0,0.0002,0.0,0.0
9022X,1,0,0.0002,0.0,0.0
916,1,0,0.0002,0.0,0.0
9203A Build/MRA58K,1,0,0.0002,0.0,0.0
A0001,1,0,0.0002,0.0,0.0
ASUS_X018D,1,0,0.0002,0.0,0.0
ASUS_Z00ED,1,0,0.0002,0.0,0.0
ASUS_Z00UD,1,0,0.0002,0.0,0.0
Coolpad,1,0,0.0002,0.0,0.0
Beat,1,1,0.0002,100.0,28.5796
Bolt,1,0,0.0002,0.0,0.0
Build/KOT49H,1,0,0.0002,0.0,0.0
C2104,1,0,0.0002,0.0,0.0
C6603,1,0,0.0002,0.0,0.0
CAM-L23,1,0,0.0002,0.0,0.0
CLT-L09,1,0,0.0002,0.0,0.0
CPH1607,1,0,0.0002,0.0,0.0
D2406,1,0,0.0002,0.0,0.0
ASUS_Z017DA,1,0,0.0002,0.0,0.0
D5106,1,0,0.0002,0.0,0.0
D5306,1,0,0.0002,0.0,0.0
D5503,1,0,0.0002,0.0,0.0
D6603,1,0,0.0002,0.0,0.0
DASH,1,0,0.0002,0.0,0.0
DOMOS,1,0,0.0002,0.0,0.0
DUK-AL20,1,0,0.0002,0.0,0.0
Dash,1,0,0.0002,0.0,0.0
BV8000Pro,1,0,0.0002,0.0,0.0
BV6000,1,0,0.0002,0.0,0.0
BND-L21 Build/HONORBND-L21,1,0,0.0002,0.0,0.0
BBB100-2,1,0,0.0002,0.0,0.0
ASUS_Z01BDA,1,0,0.0002,0.0,0.0
ASUS_Z01BDC,1,0,0.0002,0.0,0.0
ASUS_Z01KD,1,0,0.0002,0.0,0.0
ATT,1,0,0.0002,0.0,0.0
AX1060,1,0,0.0002,0.0,0.0
AX705,1,0,0.0002,0.0,0.0
Alcatel,1,0,0.0002,0.0,0.0
Alcatel_5054O,1,0,0.0002,0.0,0.0
Alcatel_5056O,1,0,0.0002,0.0,0.0
Android 7.1.2,1,0,0.0002,0.0,0.0
Aquaris X Build/NMF26F,1,0,0.0002,0.0,0.0
Azumi_KINZO_A5_QL,1,0,0.0002,0.0,0.0
B1-790,1,0,0.0002,0.0,0.0
B1-810,1,0,0.0002,0.0,0.0
B3-A20,1,0,0.0002,0.0,0.0
BBA100-1,1,0,0.0002,0.0,0.0
BBA100-2,1,0,0.0002,0.0,0.0
LG-LG870,1,0,0.0002,0.0,0.0
LG-M255,1,0,0.0002,0.0,0.0
SM-S906L,1,0,0.0002,0.0,0.0
SM-G550T2,1,0,0.0002,0.0,0.0
SM-G360V,1,0,0.0002,0.0,0.0
SM-G386W,1,0,0.0002,0.0,0.0
SM-G390W,1,0,0.0002,0.0,0.0
SM-G530FZ,1,0,0.0002,0.0,0.0
SM-G530P,1,0,0.0002,0.0,0.0
SM-G530T1,1,0,0.0002,0.0,0.0
SM-G530W,1,0,0.0002,0.0,0.0
SM-G531F,1,0,0.0002,0.0,0.0
SM-G570F,1,0,0.0002,0.0,0.0
SM-G360F,1,0,0.0002,0.0,0.0
SM-G7105,1,0,0.0002,0.0,0.0
SM-G730V,1,0,0.0002,0.0,0.0
SM-G900FD,1,0,0.0002,0.0,0.0
SM-G900L,1,0,0.0002,0.0,0.0
SM-G900P,1,0,0.0002,0.0,0.0
SM-G900V Build/LRX21T,1,0,0.0002,0.0,0.0
SM-G901F,1,0,0.0002,0.0,0.0
SM-G903W,1,0,0.0002,0.0,0.0
SM-G360M,1,0,0.0002,0.0,0.0
SM-G350M,1,0,0.0002,0.0,0.0
SAMSUNG-SM-T817A,1,0,0.0002,0.0,0.0
SLAY,1,0,0.0002,0.0,0.0
SCH-I535,1,0,0.0002,0.0,0.0
SENS,1,0,0.0002,0.0,0.0
SGH-I747M,1,0,0.0002,0.0,0.0
SGH-M919N,1,0,0.0002,0.0,0.0
SGP611,1,0,0.0002,0.0,0.0
SKY_5.0LM,1,0,0.0002,0.0,0.0
SLA-L02,1,0,0.0002,0.0,0.0
SLA-L22,1,0,0.0002,0.0,0.0
SM-A300H,1,0,0.0002,0.0,0.0
SM-G313ML,1,0,0.0002,0.0,0.0
SM-A300M,1,0,0.0002,0.0,0.0
SM-A500FU,1,0,0.0002,0.0,0.0
SM-A500H,1,0,0.0002,0.0,0.0
SM-A500W,1,0,0.0002,0.0,0.0
SM-A520F Build/R16NW,1,0,0.0002,0.0,0.0
SM-A520W,1,0,0.0002,0.0,0.0
SM-A800I,1,0,0.0002,0.0,0.0
SM-C900F,1,0,0.0002,0.0,0.0
SM-G920T,1,0,0.0002,0.0,0.0
SM-G9250,1,0,0.0002,0.0,0.0
SM-G925I,1,0,0.0002,0.0,0.0
SM-N920T,1,0,0.0002,0.0,0.0
SM-J7108,1,0,0.0002,0.0,0.0
SM-J710GN,1,0,0.0002,0.0,0.0
SM-J730F,1,0,0.0002,0.0,0.0
SM-N900T,1,0,0.0002,0.0,0.0
SM-N910T3,1,0,0.0002,0.0,0.0
SM-N915V,1,0,0.0002,0.0,0.0
SM-N920P,1,0,0.0002,0.0,0.0
SM-N920R4,1,0,0.0002,0.0,0.0
SM-N950F Build/R16NW,1,0,0.0002,0.0,0.0
SM-G925R4,1,0,0.0002,0.0,0.0
SM-N950W,1,0,0.0002,0.0,0.0
SM-P355M,1,0,0.0002,0.0,0.0
SM-P550,1,0,0.0002,0.0,0.0
SM-P600,1,0,0.0002,0.0,0.0
SM-S120VL,1,0,0.0002,0.0,0.0
SM-S320VL,1,0,0.0002,0.0,0.0
SM-S550TL,1,0,0.0002,0.0,0.0
SM-S820L,1,0,0.0002,0.0,0.0
SM-J700T1,1,0,0.0002,0.0,0.0
SM-J510MN Build/NMF26X,1,0,0.0002,0.0,0.0
SM-J500G,1,0,0.0002,0.0,0.0
SM-J500FN,1,0,0.0002,0.0,0.0
SM-G928F,1,1,0.0002,100.0,28.5796
SM-G928G,1,0,0.0002,0.0,0.0
SM-G928P,1,0,0.0002,0.0,0.0
SM-G930P,1,0,0.0002,0.0,0.0
SM-G930R7,1,0,0.0002,0.0,0.0
SM-G930T,1,0,0.0002,0.0,0.0
SM-G935T,1,0,0.0002,0.0,0.0
SM-G935V,1,0,0.0002,0.0,0.0
SM-G950U1 Build/R16NW,1,0,0.0002,0.0,0.0
SM-G955W,1,0,0.0002,0.0,0.0
SM-J120M,1,0,0.0002,0.0,0.0
SM-J120W,1,0,0.0002,0.0,0.0
SM-J250M Build/NMF26X,1,0,0.0002,0.0,0.0
SM-J320H,1,0,0.0002,0.0,0.0
SM-J320W8,1,0,0.0002,0.0,0.0
SM-J330F,1,0,0.0002,0.0,0.0
SM-J330FN Build/NRD90M,1,0,0.0002,0.0,0.0
SCH-I435,1,0,0.0002,0.0,0.0
SAMSUNG-SM-T807A,1,0,0.0002,0.0,0.0
LG-SP200,1,0,0.0002,0.0,0.0
Minion_Tab,1,0,0.0002,0.0,0.0
M10/Q1010,1,0,0.0002,0.0,0.0
M431,1,0,0.0002,0.0,0.0
MAGNO,1,0,0.0002,0.0,0.0
ME173X,1,0,0.0002,0.0,0.0
ME301T,1,0,0.0002,0.0,0.0
MYA-L11,1,0,0.0002,0.0,0.0
MYA-L23,1,0,0.0002,0.0,0.0
Max,1,0,0.0002,0.0,0.0
Mobiistar_LAI_Yuna_X,1,0,0.0002,0.0,0.0
Le,1,0,0.0002,0.0,0.0
Moto G (5) Plus Build/NPN25.137-15,1,0,0.0002,0.0,0.0
Moto G Play Build/NJH47F,1,0,0.0002,0.0,0.0
MotoG3-TE,1,0,0.0002,0.0,0.0
N9136,1,0,0.0002,0.0,0.0
N9560 Build/NMF26F,1,1,0.0002,100.0,28.5796
NX16A8116KP,1,0,0.0002,0.0,0.0
NX785QC8G,1,1,0.0002,100.0,28.5796
NXA116QC164,1,0,0.0002,0.0,0.0
Linux,1,0,0.0002,0.0,0.0
LS5,1,0,0.0002,0.0,0.0
SAMSUNG-SM-T677A,1,0,0.0002,0.0,0.0
LGL33L/V100,1,0,0.0002,0.0,0.0
LG-V410/V41020c,1,0,0.0002,0.0,0.0
LG-V495/V49520l,1,0,0.0002,0.0,0.0
LG-V496,1,0,0.0002,0.0,0.0
LG-V500,1,0,0.0002,0.0,0.0
LG-V520,1,0,0.0002,0.0,0.0
LG-V522,1,0,0.0002,0.0,0.0
LG-V700,1,0,0.0002,0.0,0.0
LG-V930,1,0,0.0002,0.0,0.0
LGL41C,1,0,0.0002,0.0,0.0
LGUS992,1,0,0.0002,0.0,0.0
LGL57BL,1,0,0.0002,0.0,0.0
LGLK430,1,1,0.0002,100.0,28.5796
LGLS755,1,0,0.0002,0.0,0.0
LGMS323,1,0,0.0002,0.0,0.0
LGMS345,1,0,0.0002,0.0,0.0
LGMS395,1,0,0.0002,0.0,0.0
LGMS631,1,0,0.0002,0.0,0.0
LGUS990,1,0,0.0002,0.0,0.0
NXA8QC116,1,0,0.0002,0.0,0.0
NYX_A1,1,0,0.0002,0.0,0.0
Neffos X1 Max Build/NRD90M,1,0,0.0002,0.0,0.0
SAMSUNG-SGH-I537,1,0,0.0002,0.0,0.0
SAMSUNG SM-A310M Build/LMY47X,1,0,0.0002,0.0,0.0
SAMSUNG SM-G950U1 Build/R16NW,1,0,0.0002,0.0,0.0
SAMSUNG SM-J111M Build/LMY47V,1,0,0.0002,0.0,0.0
SAMSUNG SM-J320F Build/LMY47V,1,0,0.0002,0.0,0.0
SAMSUNG SM-J327AZ Build/NRD90M,1,0,0.0002,0.0,0.0
SAMSUNG SM-N910V Build/MMB29M,1,0,0.0002,0.0,0.0
SAMSUNG SM-N950U1 Build/R16NW,1,0,0.0002,0.0,0.0
SAMSUNG SM-T800 Build/MMB29K,1,0,0.0002,0.0,0.0
SAMSUNG-SM-G870A,1,0,0.0002,0.0,0.0
NetHelper70,1,0,0.0002,0.0,0.0
SAMSUNG-SM-G890A,1,0,0.0002,0.0,0.0
SAMSUNG-SM-G900A,1,0,0.0002,0.0,0.0
SAMSUNG-SM-G925A,1,0,0.0002,0.0,0.0
SAMSUNG-SM-G930AZ,1,0,0.0002,0.0,0.0
SAMSUNG-SM-J327AZ,1,0,0.0002,0.0,0.0
SAMSUNG-SM-N920A,1,0,0.0002,0.0,0.0
SAMSUNG-SM-T377A,1,0,0.0002,0.0,0.0
SAMSUNG-SM-T537A,1,0,0.0002,0.0,0.0
S6000,1,0,0.0002,0.0,0.0
S471,1,0,0.0002,0.0,0.0
Robin,1,0,0.0002,0.0,0.0
Redmi Note 5A Build/N2G47H,1,0,0.0002,0.0,0.0
Nexus 5X Build/OPR4.170623.006,1,0,0.0002,0.0,0.0
Northwell,1,0,0.0002,0.0,0.0
O1,1,0,0.0002,0.0,0.0
ORION,1,0,0.0002,0.0,0.0
P00A,1,0,0.0002,0.0,0.0
P01M,1,0,0.0002,0.0,0.0
P027,1,0,0.0002,0.0,0.0
PLAYTAB,1,0,0.0002,0.0,0.0
PLE-701L,1,0,0.0002,0.0,0.0
PLK-L01 Build/HONORPLK-L01,1,0,0.0002,0.0,0.0
PMID7102DC,1,0,0.0002,0.0,0.0
PRA507,1,0,0.0002,0.0,0.0
QMV7A,1,0,0.0002,0.0,0.0
QTASUN1,1,0,0.0002,0.0,0.0
QwestIE8,1,0,0.0002,0.0,0.0
0PJA2,1,0,0.0002,0.0,0.0
RCT6K03W13,1,0,0.0002,0.0,0.0
xs-Z47b7VqTMxs,1,0,0.0002,0.0,0.0
