dt_day,transaction_count,rolling_mean,rolling_std,z_score,anomaly_flag
1,5122,5122.0,0.0,0.0,0
2,3730,4426.0,984.2926394116741,-0.7071067811865476,0
3,3241,4031.0,975.9564539465888,-0.8094623451747104,0
4,4036,4032.25,796.8690293893973,0.004705917612174545,0
5,3964,4018.6,690.7834682445723,-0.07904068714723315,0
6,3717,3968.3333333333335,630.0046560674506,-0.3989388505510106,0
7,3786,3942.285714285714,579.2272767189387,-0.26981760108225966,0
8,3999,3781.8571428571427,272.1380951964329,0.7979142243430517,0
9,3907,3807.1428571428573,274.7273973544371,0.36347719164067527,0
10,3445,3836.285714285714,207.17763254891034,-1.8886484485401183,0
11,4319,3876.714285714286,270.5615852787888,1.6346951612882499,0
12,4164,3905.285714285714,291.0960404435358,0.8887592057936936,0
13,4183,3971.8571428571427,294.1294661490798,0.7178568672743566,0
14,4446,4066.1428571428573,328.4084999769991,1.1566605093465818,0
15,5034,4214.0,487.56538023120527,1.6818257268618069,0
16,4325,4273.714285714285,468.9405485722448,0.10936506651399888,0
17,3805,4325.142857142857,372.79191182724077,-1.395263257170401,0
18,5585,4506.0,604.4391339635994,1.785125977738198,0
19,5526,4700.571428571428,689.2640657838992,1.1975505650215676,0
20,5749,4924.285714285715,745.1504801684267,1.1067754871846487,0
21,5677,5100.142857142857,758.5992417105413,0.7604240963336667,0
22,6852,5359.857142857143,1003.7683047017416,1.4865411172613487,0
23,5872,5580.857142857143,903.2145239036381,0.3223407611788119,0
24,6065,5903.714285714285,455.6766815355358,0.3539477020026904,0
25,5742,5926.142857142857,441.0024295365536,-0.4175551988145991,0
26,3458,5630.714285714285,1039.8371209450245,-2.0894755937734555,0
27,3585,5321.571428571428,1290.318934365047,-1.3458466603266408,0
28,3332,4986.571428571428,1473.9984008520098,-1.122505579120739,0
29,4302,4622.285714285715,1231.2536584427135,-0.2601297564393118,0
30,3371,4265.0,1169.4921974942768,-0.7644343433119613,0
31,2982,3824.5714285714284,935.8169082220492,-0.9003592702468082,0
32,2387,3345.285714285714,582.6084203206797,-1.6448195406414725,0
33,3403,3337.4285714285716,581.204168700012,0.11281995571038836,0
34,4264,3434.4285714285716,678.0080769289842,1.223542103405236,0
35,3830,3505.5714285714284,691.4629074512528,0.4691915761966499,0
36,3571,3401.1428571428573,600.3291954062616,0.28294000051454266,0
37,3030,3352.4285714285716,616.7924710799725,-0.5227504980143732,0
38,2544,3289.8571428571427,679.6482984042522,-1.0974163322535235,0
39,3017,3379.8571428571427,573.6042272541199,-0.6325914726852049,0
40,2914,3310.0,599.5078537155728,-0.6605418053253329,0
41,2962,3124.0,433.0654300064267,-0.37407742289103035,0
42,2881,2988.4285714285716,304.74845208401405,-0.35251556060063366,0
43,3606,2993.4285714285716,315.9798818188736,1.938640602829795,0
44,2786,2958.5714285714284,324.6135431261852,-0.5316211606868962,0
45,2300,2923.714285714286,384.18429357348083,-1.6234767952453824,0
46,2786,2890.714285714286,384.75650927379286,-0.2721572817882363,0
47,2971,2898.8571428571427,385.9328216893786,0.18693112658068284,0
48,3062,2913.1428571428573,390.4836439474247,0.3812122355557228,0
49,3053,2937.714285714286,393.5237029225659,0.2929574849736538,0
50,3336,2899.1428571428573,324.23675946823033,1.3473399610013905,0
51,2826,2904.8571428571427,322.2568481668917,-0.24470276832194363,0
52,2333,2909.5714285714284,312.0122097732747,-1.8479130319624255,0
53,2908,2927.0,307.33152566349213,-0.06182248944029176,0
54,2798,2902.285714285714,310.1465859265384,-0.33624653314873315,0
55,2771,2860.714285714286,304.6242025215452,-0.2945080691936831,0
56,2789,2823.0,292.96985055345834,-0.11605289737414808,0
57,3274,2814.1428571428573,275.27890618508803,1.6705135501662833,0
58,2681,2793.4285714285716,279.65863544853136,-0.4020207394928201,0
59,2402,2803.285714285714,261.3412292295656,-1.5354856769775866,0
60,2932,2806.714285714286,263.0954923506299,0.4761986348239853,0
61,3111,2851.4285714285716,286.8895589727893,0.9047782341777314,0
62,3057,2892.285714285714,293.8081654672327,0.5606184751616637,0
63,3975,3061.714285714286,496.42042473615214,1.839742421499128,0
64,4317,3210.714285714286,689.6701419968022,1.6040794677332049,0
65,3209,3286.1428571428573,649.8011051009847,-0.11871764534913906,0
66,2584,3312.1428571428573,611.0118461948681,-1.1917000655182601,0
67,3223,3353.714285714286,590.3887742512471,-0.22140374515091765,0
68,3158,3360.4285714285716,587.4282529645111,-0.3446013541347339,0
69,3130,3370.8571428571427,581.7643934822712,-0.41401148911063873,0
70,2913,3219.1428571428573,534.512684156133,-0.5727513419558664,0
71,3267,3069.1428571428573,242.804055822371,0.8148840108416051,0
72,2744,3002.714285714286,261.08473355449416,-0.9909207719350867,0
73,2304,2962.714285714286,344.15873967577954,-1.9139838968925749,0
74,3122,2948.285714285714,333.3760210761329,0.5210761264518625,0
75,3054,2933.4285714285716,324.67617566985376,0.37135902664453957,0
76,3456,2980.0,376.7726989401562,1.2633611759529433,0
77,3006,2993.285714285714,375.65441311825566,0.033845697721866866,0
78,3166,2978.8571428571427,365.18279832223635,0.5124635059555105,0
79,2688,2970.8571428571427,371.7397963501609,-0.7609008925982865,0
80,2204,2956.5714285714284,402.3028946547637,-1.870658746358879,0
81,2863,2919.5714285714284,396.4197510816051,-0.14270587784053906,0
82,2970,2907.5714285714284,392.9282619608848,0.1588803287323379,0
83,2934,2833.0,312.8775053168822,0.32281003997940744,0
84,3350,2882.1428571428573,366.9261635857984,1.2750716337177834,0
85,3574,2940.4285714285716,443.86929650622966,1.4273828659886512,0
86,2661,2936.5714285714284,446.5377390332593,-0.6171290900698164,0
87,2549,2985.8571428571427,363.5296542564205,-1.201709785548883,0
88,3021,3008.4285714285716,359.51303042810883,0.03496793581155698,0
89,3226,3045.0,367.87588486696177,0.4920137672667961,0
90,3353,3104.8571428571427,380.6702109750556,0.6518578286103861,0
91,4007,3198.714285714286,510.1570719839358,1.5843859835999021,0
92,6252,3581.285714285714,1272.7103250263035,2.098446310364528,0
93,4524,3847.4285714285716,1242.6255613475346,0.5444692670233963,0
94,2931,3902.0,1183.060156261432,-0.8207528542491367,0
95,3711,4000.5714285714284,1124.7291314123638,-0.25745881429051537,0
96,3243,4003.0,1122.7945790155286,-0.676882498547839,0
97,3102,3967.1428571428573,1150.6742123021327,-0.7518573440626448,0
98,3666,3918.4285714285716,1155.9118849264748,-0.21838046197148325,0
99,3301,3496.8571428571427,533.6039194544301,-0.3670459224838376,0
100,3052,3286.5714285714284,300.48120137695435,-0.7806525915648149,0
101,2500,3225.0,409.76822717236746,-1.7692928634387055,0
102,3166,3147.1428571428573,349.3596182404704,0.05397630943185585,0
103,3101,3126.8571428571427,346.98051269554094,-0.07452044685815278,0
104,3115,3128.714285714286,346.8600651010275,-0.03953838188403533,0
105,3034,3038.4285714285716,253.3461776192199,-0.01748031673573428,0
106,3221,3027.0,241.03250126621967,0.8048707082275497,0
107,2809,2992.285714285714,253.98275157030133,-0.7216463053199954,0
108,2287,2961.8571428571427,325.4854981774037,-2.0733862080986363,0
109,3151,2959.714285714286,323.96332831853243,0.5904548372142763,0
110,3018,2947.8571428571427,319.41740120171795,0.21959623013325075,0
111,3180,2957.1428571428573,325.9639185407786,0.6836865376229145,0
112,3225,2984.4285714285716,341.11183754638165,0.7052567577304246,0
113,3227,2985.285714285714,341.81218736106354,0.7071552585073797,0
114,2758,2978.0,346.7044851166239,-0.6345461609070235,0
115,2461,3002.8571428571427,290.6047880836211,-1.8645843601903218,0
116,3111,2997.1428571428573,287.58385940532133,0.3959093639419873,0
117,3042,3000.5714285714284,288.0166992512804,0.14384086595071757,0
118,3179,3000.4285714285716,287.91309866162015,0.6202268302537381,0
119,3300,3011.1428571428573,298.8508148287253,0.966559662963241,0
120,3941,3113.1428571428573,462.0755452561777,1.7916056180773932,0
121,3017,3150.1428571428573,438.6754413653989,-0.3035110803751485,0
122,2507,3156.714285714286,426.8156176015073,-1.522236438688347,0
123,3390,3196.5714285714284,434.78763289020856,0.4448805734026378,0
124,4202,3362.285714285714,567.010791868395,1.4809493888948522,0
125,3467,3403.4285714285716,561.9207705548346,0.1131323700824561,0
126,3051,3367.8571428571427,577.2320239936415,-0.5489250936996403,0
127,3335,3281.285714285714,519.5038383835328,0.10339535869729277,0
128,2507,3208.4285714285716,593.2705558014297,-1.182308079458005,0
129,2348,3185.714285714286,626.7034690307871,-1.3366996149069228,0
130,2807,3102.4285714285716,633.729662959112,-0.46617444108440365,0
131,2822,2905.285714285714,409.7164524748226,-0.20327647030682078,0
132,2752,2803.1428571428573,327.1459554854031,-0.1563303971371863,0
133,2687,2751.1428571428573,309.6435738992875,-0.20715061622341302,0
134,2937,2694.285714285714,202.6077608629169,1.1979515724400345,0
135,2429,2683.1428571428573,216.30644047382467,-1.1749204350372142,0
136,2048,2640.285714285714,305.22107522562146,-1.9405138188701179,0
137,2914,2655.5714285714284,317.39820265338443,0.8142093095303038,0
138,2846,2659.0,319.61747970552733,0.585074383829972,0
139,2769,2661.4285714285716,320.50525588139567,0.33563077858303736,0
140,2629,2653.1428571428573,320.48371179170607,-0.07533255592892238,0
141,3000,2662.1428571428573,330.511436298034,1.0222252719645222,0
142,2391,2656.714285714286,335.25697322385093,-0.792569005080376,0
143,2064,2659.0,330.4350667427916,-1.8006563463893617,0
144,2718,2631.0,313.07400616038524,0.27788956696529643,0
145,2668,2605.5714285714284,299.64137294594644,0.20834429776769614,0
146,2990,2637.1428571428573,329.85068772166574,1.0697480890350308,0
147,2718,2649.8571428571427,331.1970352984096,0.20574718333894626,0
148,3060,2658.4285714285716,342.3574433944717,1.1729595378147777,0
149,2289,2643.8571428571427,357.4737419594003,-0.9926803040471857,0
150,2209,2664.5714285714284,320.5692110100391,-1.4211328253765503,0
151,3101,2719.285714285714,361.3049101454594,1.0564879551750617,0
152,3896,2894.714285714286,570.0654097808017,1.7564400454865747,0
153,3105,2911.1428571428573,574.9056237248495,0.33719820237820963,0
154,3783,3063.285714285714,651.1396968100531,1.1053147108680073,0
155,3352,3105.0,660.1845701519009,0.3741377959548012,0
156,2575,3145.8571428571427,608.0598733050828,-0.9388173236202444,0
157,2259,3153.0,595.3819502358554,-1.5015571090891313,0
158,3048,3145.4285714285716,596.4894123516384,-0.16333663165028003,0
159,2845,2995.285714285714,500.6491500327891,-0.3001817026471962,0
160,2878,2962.8571428571427,499.70905821000025,-0.16981309716719578,0
161,2854,2830.1428571428573,345.0069702539228,0.06914974164024561,0
162,3233,2813.1428571428573,316.7845895722482,1.3253711091946503,0
163,2880,2856.714285714286,299.04944646087085,0.07786576621789883,0
164,2988,2960.8571428571427,141.79613131931862,0.19142170445914933,0
165,3038,2959.4285714285716,140.8188637254788,0.5579609612857022,0
166,2931,2971.714285714286,132.68850023728797,-0.30684110259348835,0
167,3020,2992.0,126.69254121684835,0.22100748576883378,0
168,2948,3005.4285714285716,113.97054757378606,-0.5038895806953242,0
169,3191,2999.4285714285716,100.27604756006586,1.9104405611586972,0
170,2409,2932.1428571428573,245.9616694875957,-2.126928387795971,0
171,2795,2904.5714285714284,249.44929821696152,-0.4392533045979042,0
172,3160,2922.0,264.1539954899711,0.9009895896465284,0
173,2866,2912.714285714286,264.9262251304824,-0.1763294128064441,0
174,2837,2886.5714285714284,261.58291046549874,-0.18950560831062632,0
175,2683,2848.714285714286,270.24354095621464,-0.6132035020261043,0
176,3032,2826.0,241.87186690473465,0.8516906188231333,0
177,2364,2819.5714285714284,255.0417332796092,-1.7862622823064533,0
178,2068,2715.714285714286,382.75959133885283,-1.6922222208688469,0
179,2177,2575.285714285714,372.78488626626375,-1.068406281903919,0
180,2618,2539.8571428571427,351.74205917185355,0.22215954875239538,0
181,2739,2525.8571428571427,339.6878118563999,0.6274668966720586,0
182,2754,2536.0,346.16036745990937,0.6297659134107769,0
