interaction,amt_bin,ProductCD,transaction_count,fraud_count,mean_amt,fraud_rate,relative_risk,card4,addr1,card6
amt_bin×ProductCD,Very Low,C,19081,1989,19081,10.424,2.9791,,,
amt_bin×ProductCD,Very Low,H,1598,43,1598,2.6909,0.769,,,
amt_bin×ProductCD,Very Low,S,3266,201,3266,6.1543,1.7589,,,
amt_bin×ProductCD,Very Low,W,5919,65,5919,1.0982,0.3139,,,
amt_bin×ProductCD,Low,C,44469,5207,44469,11.7093,3.3465,,,
amt_bin×ProductCD,Low,H,27222,692,27222,2.5421,0.7265,,,
amt_bin×ProductCD,Low,R,17710,259,17710,1.4625,0.418,,,
amt_bin×ProductCD,Low,S,6375,393,6375,6.1647,1.7618,,,
amt_bin×ProductCD,Low,W,242979,3772,242979,1.5524,0.4437,,,
amt_bin×ProductCD,Medium,C,4967,810,4967,16.3076,4.6606,,,
amt_bin×ProductCD,Medium,H,4204,839,4204,19.9572,5.7037,,,
amt_bin×ProductCD,Medium,R,19076,1137,19076,5.9604,1.7035,,,
amt_bin×ProductCD,Medium,S,1934,92,1934,4.757,1.3595,,,
amt_bin×ProductCD,Medium,W,168861,4156,168861,2.4612,0.7034,,,
amt_bin×ProductCD,High,C,2,2,2,100.0,28.5796,,,
amt_bin×ProductCD,High,R,913,30,913,3.2859,0.9391,,,
amt_bin×ProductCD,High,S,53,0,53,0.0,0.0,,,
amt_bin×ProductCD,High,W,19875,934,19875,4.6994,1.3431,,,
amt_bin×ProductCD,Very High,W,2036,42,2036,2.0629,0.5896,,,
amt_bin×card4,Very Low,,152,6,152,3.9474,1.1282,american express,,
amt_bin×card4,Very Low,,168,5,168,2.9762,0.8506,discover,,
amt_bin×card4,Very Low,,11189,838,11189,7.4895,2.1405,mastercard,,
amt_bin×card4,Very Low,,18284,1448,18284,7.9195,2.2634,visa,,
amt_bin×card4,Low,,3852,83,3852,2.1547,0.6158,american express,,
amt_bin×card4,Low,,2804,158,2804,5.6348,1.6104,discover,,
amt_bin×card4,Low,,108566,3353,108566,3.0884,0.8827,mastercard,,
amt_bin×card4,Low,,222719,6707,222719,3.0114,0.8606,visa,,
amt_bin×card4,Medium,,4052,150,4052,3.7019,1.058,american express,,
amt_bin×card4,Medium,,2770,243,2770,8.7726,2.5072,discover,,
amt_bin×card4,Medium,,62199,2077,62199,3.3393,0.9544,mastercard,,
amt_bin×card4,Medium,,129407,4547,129407,3.5137,1.0042,visa,,
amt_bin×card4,High,,272,0,272,0.0,0.0,american express,,
amt_bin×card4,High,,833,106,833,12.7251,3.6368,discover,,
amt_bin×card4,High,,6606,222,6606,3.3606,0.9604,mastercard,,
amt_bin×card4,High,,13062,637,13062,4.8767,1.3937,visa,,
amt_bin×card4,Very High,,76,2,76,2.6316,0.7521,discover,,
amt_bin×card4,Very High,,657,6,657,0.9132,0.261,mastercard,,
amt_bin×card4,Very High,,1295,34,1295,2.6255,0.7504,visa,,
ProductCD×card4,,C,2,2,2,100.0,28.5796,american express,,
ProductCD×card4,,C,27418,3072,27418,11.2043,3.2021,mastercard,,
ProductCD×card4,,C,40904,4916,40904,12.0184,3.4348,visa,,
ProductCD×card4,,H,1566,91,1566,5.811,1.6608,american express,,
ProductCD×card4,,H,603,45,603,7.4627,2.1328,discover,,
ProductCD×card4,,H,7938,413,7938,5.2028,1.4869,mastercard,,
ProductCD×card4,,H,22907,1024,22907,4.4702,1.2776,visa,,
ProductCD×card4,,R,6138,111,6138,1.8084,0.5168,american express,,
ProductCD×card4,,R,1089,56,1089,5.1423,1.4696,discover,,
ProductCD×card4,,R,7432,373,7432,5.0188,1.4344,mastercard,,
ProductCD×card4,,R,23039,885,23039,3.8413,1.0978,visa,,
ProductCD×card4,,S,622,35,622,5.627,1.6082,american express,,
ProductCD×card4,,S,580,77,580,13.2759,3.7942,discover,,
ProductCD×card4,,S,4042,200,4042,4.948,1.4141,mastercard,,
ProductCD×card4,,S,6384,374,6384,5.8584,1.6743,visa,,
ProductCD×card4,,W,4379,336,4379,7.673,2.1929,discover,,
ProductCD×card4,,W,142387,2438,142387,1.7122,0.4893,mastercard,,
ProductCD×card4,,W,291533,6174,291533,2.1178,0.6053,visa,,
ProductCD×addr1,,C,26,0,26,0.0,0.0,,100.0,
ProductCD×addr1,,C,1,0,1,0.0,0.0,,101.0,
ProductCD×addr1,,C,13,0,13,0.0,0.0,,102.0,
ProductCD×addr1,,C,2,0,2,0.0,0.0,,111.0,
ProductCD×addr1,,C,2,0,2,0.0,0.0,,112.0,
ProductCD×addr1,,C,1,0,1,0.0,0.0,,117.0,
ProductCD×addr1,,C,3,0,3,0.0,0.0,,119.0,
ProductCD×addr1,,C,1,0,1,0.0,0.0,,120.0,
ProductCD×addr1,,C,1,0,1,0.0,0.0,,124.0,
ProductCD×addr1,,C,1,0,1,0.0,0.0,,126.0,
ProductCD×addr1,,C,1,0,1,0.0,0.0,,127.0,
ProductCD×addr1,,C,1,0,1,0.0,0.0,,128.0,
ProductCD×addr1,,C,1,0,1,0.0,0.0,,129.0,
ProductCD×addr1,,C,342,29,342,8.4795,2.4234,,130.0,
ProductCD×addr1,,C,1,0,1,0.0,0.0,,131.0,
ProductCD×addr1,,C,1,0,1,0.0,0.0,,132.0,
ProductCD×addr1,,C,1,0,1,0.0,0.0,,133.0,
ProductCD×addr1,,C,1,0,1,0.0,0.0,,137.0,
ProductCD×addr1,,C,1,0,1,0.0,0.0,,139.0,
ProductCD×addr1,,C,2,0,2,0.0,0.0,,141.0,
ProductCD×addr1,,C,15,0,15,0.0,0.0,,142.0,
ProductCD×addr1,,C,3,0,3,0.0,0.0,,144.0,
ProductCD×addr1,,C,3,0,3,0.0,0.0,,145.0,
ProductCD×addr1,,C,2,0,2,0.0,0.0,,146.0,
ProductCD×addr1,,C,96,0,96,0.0,0.0,,148.0,
ProductCD×addr1,,C,7,0,7,0.0,0.0,,152.0,
ProductCD×addr1,,C,1,0,1,0.0,0.0,,153.0,
ProductCD×addr1,,C,13,0,13,0.0,0.0,,154.0,
ProductCD×addr1,,C,18,1,18,5.5556,1.5878,,155.0,
ProductCD×addr1,,C,1,0,1,0.0,0.0,,156.0,
ProductCD×addr1,,C,421,82,421,19.4774,5.5666,,161.0,
ProductCD×addr1,,C,1,0,1,0.0,0.0,,162.0,
ProductCD×addr1,,C,1,0,1,0.0,0.0,,163.0,
ProductCD×addr1,,C,1,0,1,0.0,0.0,,164.0,
ProductCD×addr1,,C,57,3,57,5.2632,1.5042,,167.0,
ProductCD×addr1,,C,3,0,3,0.0,0.0,,172.0,
ProductCD×addr1,,C,1,0,1,0.0,0.0,,178.0,
ProductCD×addr1,,C,1,0,1,0.0,0.0,,180.0,
ProductCD×addr1,,C,1,0,1,0.0,0.0,,183.0,
ProductCD×addr1,,C,1,0,1,0.0,0.0,,184.0,
ProductCD×addr1,,C,1,0,1,0.0,0.0,,185.0,
ProductCD×addr1,,C,1,0,1,0.0,0.0,,187.0,
ProductCD×addr1,,C,1,0,1,0.0,0.0,,189.0,
ProductCD×addr1,,C,1,0,1,0.0,0.0,,190.0,
ProductCD×addr1,,C,3,0,3,0.0,0.0,,193.0,
ProductCD×addr1,,C,1,0,1,0.0,0.0,,195.0,
ProductCD×addr1,,C,1,0,1,0.0,0.0,,200.0,
ProductCD×addr1,,C,1,0,1,0.0,0.0,,201.0,
ProductCD×addr1,,C,7,0,7,0.0,0.0,,210.0,
ProductCD×addr1,,C,1,0,1,0.0,0.0,,211.0,
ProductCD×addr1,,C,1,0,1,0.0,0.0,,213.0,
ProductCD×addr1,,C,2,0,2,0.0,0.0,,214.0,
ProductCD×addr1,,C,54,13,54,24.0741,6.8803,,216.0,
ProductCD×addr1,,C,1,0,1,0.0,0.0,,217.0,
ProductCD×addr1,,C,6,0,6,0.0,0.0,,218.0,
ProductCD×addr1,,C,1,0,1,0.0,0.0,,219.0,
ProductCD×addr1,,C,8,0,8,0.0,0.0,,221.0,
ProductCD×addr1,,C,1,0,1,0.0,0.0,,233.0,
ProductCD×addr1,,C,1,0,1,0.0,0.0,,234.0,
ProductCD×addr1,,C,1,0,1,0.0,0.0,,235.0,
ProductCD×addr1,,C,1,0,1,0.0,0.0,,238.0,
ProductCD×addr1,,C,31,6,31,19.3548,5.5315,,239.0,
ProductCD×addr1,,C,1,0,1,0.0,0.0,,241.0,
ProductCD×addr1,,C,84,5,84,5.9524,1.7012,,242.0,
ProductCD×addr1,,C,1,0,1,0.0,0.0,,243.0,
ProductCD×addr1,,C,1,0,1,0.0,0.0,,244.0,
ProductCD×addr1,,C,1,0,1,0.0,0.0,,248.0,
ProductCD×addr1,,C,1,0,1,0.0,0.0,,249.0,
ProductCD×addr1,,C,2,0,2,0.0,0.0,,252.0,
ProductCD×addr1,,C,1,0,1,0.0,0.0,,257.0,
ProductCD×addr1,,C,38,0,38,0.0,0.0,,258.0,
ProductCD×addr1,,C,1,0,1,0.0,0.0,,261.0,
ProductCD×addr1,,C,1,0,1,0.0,0.0,,262.0,
ProductCD×addr1,,C,3,0,3,0.0,0.0,,270.0,
ProductCD×addr1,,C,1,0,1,0.0,0.0,,279.0,
ProductCD×addr1,,C,1,0,1,0.0,0.0,,280.0,
ProductCD×addr1,,C,1,0,1,0.0,0.0,,283.0,
ProductCD×addr1,,C,773,25,773,3.2342,0.9243,,284.0,
ProductCD×addr1,,C,2,0,2,0.0,0.0,,290.0,
ProductCD×addr1,,C,1,0,1,0.0,0.0,,292.0,
ProductCD×addr1,,C,1,0,1,0.0,0.0,,298.0,
ProductCD×addr1,,C,5,0,5,0.0,0.0,,299.0,
ProductCD×addr1,,C,6,0,6,0.0,0.0,,300.0,
ProductCD×addr1,,C,1,0,1,0.0,0.0,,302.0,
ProductCD×addr1,,C,2,0,2,0.0,0.0,,304.0,
ProductCD×addr1,,C,9,6,9,66.6667,19.0531,,305.0,
ProductCD×addr1,,C,1,0,1,0.0,0.0,,306.0,
ProductCD×addr1,,C,4,0,4,0.0,0.0,,307.0,
ProductCD×addr1,,C,1,0,1,0.0,0.0,,312.0,
ProductCD×addr1,,C,1,0,1,0.0,0.0,,313.0,
ProductCD×addr1,,C,3,0,3,0.0,0.0,,314.0,
ProductCD×addr1,,C,1,0,1,0.0,0.0,,323.0,
ProductCD×addr1,,C,2,0,2,0.0,0.0,,325.0,
ProductCD×addr1,,C,1,0,1,0.0,0.0,,326.0,
ProductCD×addr1,,C,1,0,1,0.0,0.0,,328.0,
ProductCD×addr1,,C,1,0,1,0.0,0.0,,329.0,
ProductCD×addr1,,C,1,0,1,0.0,0.0,,330.0,
ProductCD×addr1,,C,1,0,1,0.0,0.0,,331.0,
ProductCD×addr1,,C,19,0,19,0.0,0.0,,332.0,
ProductCD×addr1,,C,1,0,1,0.0,0.0,,333.0,
ProductCD×addr1,,C,1,0,1,0.0,0.0,,335.0,
ProductCD×addr1,,C,1,0,1,0.0,0.0,,338.0,
ProductCD×addr1,,C,2,0,2,0.0,0.0,,339.0,
ProductCD×addr1,,C,3,0,3,0.0,0.0,,341.0,
ProductCD×addr1,,C,4,0,4,0.0,0.0,,345.0,
ProductCD×addr1,,C,10,0,10,0.0,0.0,,346.0,
ProductCD×addr1,,C,1,0,1,0.0,0.0,,347.0,
ProductCD×addr1,,C,2,0,2,0.0,0.0,,351.0,
ProductCD×addr1,,C,1,0,1,0.0,0.0,,352.0,
ProductCD×addr1,,C,1,0,1,0.0,0.0,,353.0,
ProductCD×addr1,,C,2,0,2,0.0,0.0,,356.0,
ProductCD×addr1,,C,18,1,18,5.5556,1.5878,,359.0,
ProductCD×addr1,,C,4,0,4,0.0,0.0,,360.0,
ProductCD×addr1,,C,1,0,1,0.0,0.0,,365.0,
ProductCD×addr1,,C,7,0,7,0.0,0.0,,366.0,
ProductCD×addr1,,C,8,0,8,0.0,0.0,,371.0,
ProductCD×addr1,,C,2,0,2,0.0,0.0,,372.0,
ProductCD×addr1,,C,14,1,14,7.1429,2.0414,,374.0,
ProductCD×addr1,,C,22,0,22,0.0,0.0,,375.0,
ProductCD×addr1,,C,2,0,2,0.0,0.0,,379.0,
ProductCD×addr1,,C,1,0,1,0.0,0.0,,382.0,
ProductCD×addr1,,C,4,0,4,0.0,0.0,,385.0,
ProductCD×addr1,,C,1,0,1,0.0,0.0,,386.0,
ProductCD×addr1,,C,1,0,1,0.0,0.0,,389.0,
ProductCD×addr1,,C,35,16,35,45.7143,13.065,,391.0,
ProductCD×addr1,,C,10,0,10,0.0,0.0,,393.0,
ProductCD×addr1,,C,1,0,1,0.0,0.0,,395.0,
ProductCD×addr1,,C,1,0,1,0.0,0.0,,397.0,
ProductCD×addr1,,C,5,1,5,20.0,5.7159,,399.0,
ProductCD×addr1,,C,1,0,1,0.0,0.0,,400.0,
ProductCD×addr1,,C,1,0,1,0.0,0.0,,401.0,
ProductCD×addr1,,C,1,0,1,0.0,0.0,,402.0,
ProductCD×addr1,,C,3,0,3,0.0,0.0,,403.0,
ProductCD×addr1,,C,6,0,6,0.0,0.0,,404.0,
ProductCD×addr1,,C,2,0,2,0.0,0.0,,406.0,
ProductCD×addr1,,C,4,0,4,0.0,0.0,,408.0,
ProductCD×addr1,,C,14,0,14,0.0,0.0,,411.0,
ProductCD×addr1,,C,1,0,1,0.0,0.0,,416.0,
ProductCD×addr1,,C,1,0,1,0.0,0.0,,425.0,
ProductCD×addr1,,C,1,0,1,0.0,0.0,,427.0,
ProductCD×addr1,,C,5,0,5,0.0,0.0,,430.0,
ProductCD×addr1,,C,38,13,38,34.2105,9.7772,,431.0,
ProductCD×addr1,,C,1,0,1,0.0,0.0,,433.0,
ProductCD×addr1,,C,1,0,1,0.0,0.0,,434.0,
ProductCD×addr1,,C,2,0,2,0.0,0.0,,439.0,
ProductCD×addr1,,C,23,0,23,0.0,0.0,,443.0,
ProductCD×addr1,,C,1,0,1,0.0,0.0,,446.0,
ProductCD×addr1,,C,1,0,1,0.0,0.0,,450.0,
ProductCD×addr1,,C,1,0,1,0.0,0.0,,451.0,
ProductCD×addr1,,C,8,0,8,0.0,0.0,,452.0,
ProductCD×addr1,,C,21,4,21,19.0476,5.4437,,453.0,
ProductCD×addr1,,C,2,0,2,0.0,0.0,,454.0,
ProductCD×addr1,,C,3,0,3,0.0,0.0,,456.0,
ProductCD×addr1,,C,1,0,1,0.0,0.0,,457.0,
ProductCD×addr1,,C,1,0,1,0.0,0.0,,462.0,
ProductCD×addr1,,C,1,0,1,0.0,0.0,,464.0,
ProductCD×addr1,,C,503,42,503,8.3499,2.3864,,465.0,
ProductCD×addr1,,C,2,1,2,50.0,14.2898,,466.0,
ProductCD×addr1,,C,1,0,1,0.0,0.0,,467.0,
ProductCD×addr1,,C,2,0,2,0.0,0.0,,468.0,
ProductCD×addr1,,C,2,0,2,0.0,0.0,,470.0,
ProductCD×addr1,,C,2,1,2,50.0,14.2898,,471.0,
ProductCD×addr1,,C,4,0,4,0.0,0.0,,474.0,
ProductCD×addr1,,C,3,0,3,0.0,0.0,,477.0,
ProductCD×addr1,,C,9,0,9,0.0,0.0,,478.0,
ProductCD×addr1,,C,6,0,6,0.0,0.0,,482.0,
ProductCD×addr1,,C,23,13,23,56.5217,16.1537,,483.0,
ProductCD×addr1,,C,54,0,54,0.0,0.0,,486.0,
ProductCD×addr1,,C,1,0,1,0.0,0.0,,488.0,
ProductCD×addr1,,C,1,0,1,0.0,0.0,,489.0,
ProductCD×addr1,,C,1,0,1,0.0,0.0,,493.0,
ProductCD×addr1,,C,7,0,7,0.0,0.0,,496.0,
ProductCD×addr1,,C,2,0,2,0.0,0.0,,500.0,
ProductCD×addr1,,C,4,2,4,50.0,14.2898,,501.0,
ProductCD×addr1,,C,10,0,10,0.0,0.0,,504.0,
ProductCD×addr1,,C,1,0,1,0.0,0.0,,505.0,
ProductCD×addr1,,C,1,0,1,0.0,0.0,,506.0,
ProductCD×addr1,,C,4,0,4,0.0,0.0,,507.0,
ProductCD×addr1,,C,70,3,70,4.2857,1.2248,,508.0,
ProductCD×addr1,,C,157,10,157,6.3694,1.8203,,511.0,
ProductCD×addr1,,C,1,0,1,0.0,0.0,,512.0,
ProductCD×addr1,,C,2,0,2,0.0,0.0,,513.0,
ProductCD×addr1,,C,3,0,3,0.0,0.0,,514.0,
ProductCD×addr1,,C,1,0,1,0.0,0.0,,516.0,
ProductCD×addr1,,C,2,0,2,0.0,0.0,,518.0,
ProductCD×addr1,,C,26,0,26,0.0,0.0,,520.0,
ProductCD×addr1,,C,6,0,6,0.0,0.0,,521.0,
ProductCD×addr1,,C,3,0,3,0.0,0.0,,523.0,
ProductCD×addr1,,C,1,0,1,0.0,0.0,,526.0,
ProductCD×addr1,,C,4,0,4,0.0,0.0,,527.0,
ProductCD×addr1,,C,2,0,2,0.0,0.0,,528.0,
ProductCD×addr1,,C,7,0,7,0.0,0.0,,529.0,
ProductCD×addr1,,C,1,0,1,0.0,0.0,,530.0,
ProductCD×addr1,,C,1,0,1,0.0,0.0,,531.0,
ProductCD×addr1,,C,2,0,2,0.0,0.0,,535.0,
ProductCD×addr1,,C,6,0,6,0.0,0.0,,540.0,
ProductCD×addr1,,H,187,2,187,1.0695,0.3057,,110.0,
ProductCD×addr1,,H,76,9,76,11.8421,3.3844,,122.0,
ProductCD×addr1,,H,659,41,659,6.2215,1.7781,,123.0,
ProductCD×addr1,,H,1155,29,1155,2.5108,0.7176,,126.0,
ProductCD×addr1,,H,461,10,461,2.1692,0.6199,,143.0,
ProductCD×addr1,,H,16,0,16,0.0,0.0,,157.0,
ProductCD×addr1,,H,49,2,49,4.0816,1.1665,,158.0,
ProductCD×addr1,,H,177,17,177,9.6045,2.7449,,170.0,
ProductCD×addr1,,H,5,0,5,0.0,0.0,,171.0,
ProductCD×addr1,,H,483,27,483,5.5901,1.5976,,177.0,
ProductCD×addr1,,H,763,20,763,2.6212,0.7491,,181.0,
ProductCD×addr1,,H,957,26,957,2.7168,0.7765,,184.0,
ProductCD×addr1,,H,506,27,506,5.336,1.525,,191.0,
ProductCD×addr1,,H,157,2,157,1.2739,0.3641,,194.0,
ProductCD×addr1,,H,1,1,1,100.0,28.5796,,199.0,
ProductCD×addr1,,H,90,3,90,3.3333,0.9526,,203.0,
ProductCD×addr1,,H,2177,107,2177,4.915,1.4047,,204.0,
ProductCD×addr1,,H,282,4,282,1.4184,0.4054,,205.0,
ProductCD×addr1,,H,335,16,335,4.7761,1.365,,220.0,
ProductCD×addr1,,H,665,20,665,3.0075,0.8595,,225.0,
ProductCD×addr1,,H,467,21,467,4.4968,1.2852,,226.0,
ProductCD×addr1,,H,437,33,437,7.5515,2.1582,,231.0,
ProductCD×addr1,,H,115,6,115,5.2174,1.4911,,251.0,
ProductCD×addr1,,H,40,4,40,10.0,2.858,,253.0,
ProductCD×addr1,,H,11,0,11,0.0,0.0,,254.0,
ProductCD×addr1,,H,2,2,2,100.0,28.5796,,260.0,
ProductCD×addr1,,H,2339,100,2339,4.2753,1.2219,,264.0,
ProductCD×addr1,,H,191,10,191,5.2356,1.4963,,269.0,
ProductCD×addr1,,H,1062,61,1062,5.7439,1.6416,,272.0,
ProductCD×addr1,,H,367,78,367,21.2534,6.0741,,296.0,
ProductCD×addr1,,H,4555,201,4555,4.4127,1.2611,,299.0,
ProductCD×addr1,,H,158,13,158,8.2278,2.3515,,308.0,
ProductCD×addr1,,H,676,22,676,3.2544,0.9301,,310.0,
ProductCD×addr1,,H,1357,102,1357,7.5166,2.1482,,315.0,
ProductCD×addr1,,H,86,8,86,9.3023,2.6586,,324.0,
ProductCD×addr1,,H,2950,191,2950,6.4746,1.8504,,325.0,
ProductCD×addr1,,H,460,33,460,7.1739,2.0503,,327.0,
ProductCD×addr1,,H,1194,55,1194,4.6064,1.3165,,330.0,
ProductCD×addr1,,H,1160,36,1160,3.1034,0.8869,,337.0,
ProductCD×addr1,,H,123,4,123,3.252,0.9294,,343.0,
ProductCD×addr1,,H,38,4,38,10.5263,3.0084,,348.0,
ProductCD×addr1,,H,4,0,4,0.0,0.0,,349.0,
ProductCD×addr1,,H,9,0,9,0.0,0.0,,356.0,
ProductCD×addr1,,H,177,7,177,3.9548,1.1303,,384.0,
ProductCD×addr1,,H,352,10,352,2.8409,0.8119,,387.0,
ProductCD×addr1,,H,8,0,8,0.0,0.0,,410.0,
ProductCD×addr1,,H,29,1,29,3.4483,0.9855,,418.0,
ProductCD×addr1,,H,418,14,418,3.3493,0.9572,,420.0,
ProductCD×addr1,,H,2,0,2,0.0,0.0,,426.0,
ProductCD×addr1,,H,109,12,109,11.0092,3.1464,,428.0,
ProductCD×addr1,,H,10,0,10,0.0,0.0,,432.0,
ProductCD×addr1,,H,285,4,285,1.4035,0.4011,,433.0,
ProductCD×addr1,,H,219,9,219,4.1096,1.1745,,436.0,
ProductCD×addr1,,H,908,37,908,4.0749,1.1646,,441.0,
ProductCD×addr1,,H,137,7,137,5.1095,1.4603,,444.0,
ProductCD×addr1,,H,107,0,107,0.0,0.0,,448.0,
ProductCD×addr1,,H,375,20,375,5.3333,1.5242,,469.0,
ProductCD×addr1,,H,831,25,831,3.0084,0.8598,,472.0,
ProductCD×addr1,,H,367,15,367,4.0872,1.1681,,476.0,
ProductCD×addr1,,H,1,0,1,0.0,0.0,,479.0,
ProductCD×addr1,,H,207,6,207,2.8986,0.8284,,485.0,
ProductCD×addr1,,H,43,1,43,2.3256,0.6646,,492.0,
ProductCD×addr1,,H,251,1,251,0.3984,0.1139,,494.0,
ProductCD×addr1,,H,183,1,183,0.5464,0.1562,,498.0,
ProductCD×addr1,,H,17,0,17,0.0,0.0,,502.0,
ProductCD×addr1,,H,841,44,841,5.2319,1.4953,,512.0,
ProductCD×addr1,,H,1,0,1,0.0,0.0,,515.0,
ProductCD×addr1,,H,60,10,60,16.6667,4.7633,,536.0,
ProductCD×addr1,,R,310,7,310,2.2581,0.6454,,110.0,
ProductCD×addr1,,R,52,4,52,7.6923,2.1984,,122.0,
ProductCD×addr1,,R,640,36,640,5.625,1.6076,,123.0,
ProductCD×addr1,,R,1431,43,1431,3.0049,0.8588,,126.0,
ProductCD×addr1,,R,361,12,361,3.3241,0.95,,143.0,
ProductCD×addr1,,R,47,2,47,4.2553,1.2161,,158.0,
ProductCD×addr1,,R,78,5,78,6.4103,1.832,,170.0,
ProductCD×addr1,,R,6,2,6,33.3333,9.5265,,171.0,
ProductCD×addr1,,R,433,14,433,3.2333,0.9241,,177.0,
ProductCD×addr1,,R,1048,32,1048,3.0534,0.8726,,181.0,
ProductCD×addr1,,R,1434,32,1434,2.2315,0.6378,,184.0,
ProductCD×addr1,,R,996,25,996,2.51,0.7173,,191.0,
ProductCD×addr1,,R,214,0,214,0.0,0.0,,194.0,
ProductCD×addr1,,R,62,1,62,1.6129,0.461,,203.0,
ProductCD×addr1,,R,3332,129,3332,3.8715,1.1065,,204.0,
ProductCD×addr1,,R,273,10,273,3.663,1.0469,,205.0,
ProductCD×addr1,,R,173,4,173,2.3121,0.6608,,220.0,
ProductCD×addr1,,R,595,28,595,4.7059,1.3449,,225.0,
ProductCD×addr1,,R,278,10,278,3.5971,1.028,,226.0,
ProductCD×addr1,,R,510,23,510,4.5098,1.2889,,231.0,
ProductCD×addr1,,R,2,0,2,0.0,0.0,,236.0,
ProductCD×addr1,,R,235,9,235,3.8298,1.0945,,251.0,
ProductCD×addr1,,R,23,0,23,0.0,0.0,,253.0,
ProductCD×addr1,,R,21,0,21,0.0,0.0,,254.0,
ProductCD×addr1,,R,1,0,1,0.0,0.0,,260.0,
ProductCD×addr1,,R,1898,115,1898,6.059,1.7316,,264.0,
ProductCD×addr1,,R,500,7,500,1.4,0.4001,,269.0,
ProductCD×addr1,,R,916,77,916,8.4061,2.4024,,272.0,
ProductCD×addr1,,R,6019,172,6019,2.8576,0.8167,,299.0,
ProductCD×addr1,,R,59,4,59,6.7797,1.9376,,308.0,
ProductCD×addr1,,R,495,23,495,4.6465,1.328,,310.0,
ProductCD×addr1,,R,1446,66,1446,4.5643,1.3045,,315.0,
ProductCD×addr1,,R,112,2,112,1.7857,0.5103,,324.0,
ProductCD×addr1,,R,1950,83,1950,4.2564,1.2165,,325.0,
ProductCD×addr1,,R,1001,23,1001,2.2977,0.6567,,327.0,
ProductCD×addr1,,R,1346,30,1346,2.2288,0.637,,330.0,
ProductCD×addr1,,R,1513,59,1513,3.8995,1.1145,,337.0,
ProductCD×addr1,,R,371,12,371,3.2345,0.9244,,343.0,
ProductCD×addr1,,R,34,2,34,5.8824,1.6812,,348.0,
ProductCD×addr1,,R,78,12,78,15.3846,4.3969,,356.0,
ProductCD×addr1,,R,138,9,138,6.5217,1.8639,,384.0,
ProductCD×addr1,,R,1234,13,1234,1.0535,0.3011,,387.0,
ProductCD×addr1,,R,38,4,38,10.5263,3.0084,,418.0,
ProductCD×addr1,,R,314,8,314,2.5478,0.7282,,420.0,
ProductCD×addr1,,R,25,5,25,20.0,5.7159,,426.0,
ProductCD×addr1,,R,59,14,59,23.7288,6.7816,,428.0,
ProductCD×addr1,,R,28,11,28,39.2857,11.2277,,432.0,
ProductCD×addr1,,R,443,18,443,4.0632,1.1612,,433.0,
ProductCD×addr1,,R,97,4,97,4.1237,1.1785,,436.0,
ProductCD×addr1,,R,1485,33,1485,2.2222,0.6351,,441.0,
ProductCD×addr1,,R,47,0,47,0.0,0.0,,444.0,
ProductCD×addr1,,R,40,6,40,15.0,4.2869,,448.0,
ProductCD×addr1,,R,606,10,606,1.6502,0.4716,,469.0,
ProductCD×addr1,,R,938,43,938,4.5842,1.3101,,472.0,
ProductCD×addr1,,R,606,25,606,4.1254,1.179,,476.0,
ProductCD×addr1,,R,12,3,12,25.0,7.1449,,479.0,
ProductCD×addr1,,R,68,10,68,14.7059,4.2029,,485.0,
ProductCD×addr1,,R,26,1,26,3.8462,1.0992,,492.0,
ProductCD×addr1,,R,145,4,145,2.7586,0.7884,,494.0,
ProductCD×addr1,,R,194,7,194,3.6082,1.0312,,498.0,
ProductCD×addr1,,R,12,0,12,0.0,0.0,,502.0,
ProductCD×addr1,,R,566,40,566,7.0671,2.0197,,512.0,
ProductCD×addr1,,R,1,0,1,0.0,0.0,,515.0,
ProductCD×addr1,,R,234,40,234,17.094,4.8854,,536.0,
ProductCD×addr1,,S,7,1,7,14.2857,4.0828,,110.0,
ProductCD×addr1,,S,7,0,7,0.0,0.0,,122.0,
ProductCD×addr1,,S,576,86,576,14.9306,4.2671,,123.0,
ProductCD×addr1,,S,183,8,183,4.3716,1.2494,,126.0,
ProductCD×addr1,,S,26,0,26,0.0,0.0,,143.0,
ProductCD×addr1,,S,1,0,1,0.0,0.0,,158.0,
ProductCD×addr1,,S,20,1,20,5.0,1.429,,170.0,
ProductCD×addr1,,S,1,0,1,0.0,0.0,,171.0,
ProductCD×addr1,,S,13,1,13,7.6923,2.1984,,177.0,
ProductCD×addr1,,S,87,12,87,13.7931,3.942,,181.0,
ProductCD×addr1,,S,522,6,522,1.1494,0.3285,,184.0,
ProductCD×addr1,,S,56,1,56,1.7857,0.5103,,191.0,
ProductCD×addr1,,S,1,0,1,0.0,0.0,,194.0,
ProductCD×addr1,,S,466,18,466,3.8627,1.1039,,203.0,
ProductCD×addr1,,S,349,19,349,5.4441,1.5559,,204.0,
ProductCD×addr1,,S,18,1,18,5.5556,1.5878,,205.0,
ProductCD×addr1,,S,14,0,14,0.0,0.0,,220.0,
ProductCD×addr1,,S,32,5,32,15.625,4.4656,,225.0,
ProductCD×addr1,,S,22,1,22,4.5455,1.2991,,226.0,
ProductCD×addr1,,S,45,2,45,4.4444,1.2702,,231.0,
ProductCD×addr1,,S,1,0,1,0.0,0.0,,236.0,
ProductCD×addr1,,S,3,0,3,0.0,0.0,,251.0,
ProductCD×addr1,,S,4,0,4,0.0,0.0,,253.0,
ProductCD×addr1,,S,2,0,2,0.0,0.0,,254.0,
ProductCD×addr1,,S,103,8,103,7.767,2.2198,,264.0,
ProductCD×addr1,,S,22,0,22,0.0,0.0,,269.0,
ProductCD×addr1,,S,200,93,200,46.5,13.2895,,272.0,
ProductCD×addr1,,S,174,5,174,2.8736,0.8213,,299.0,
ProductCD×addr1,,S,2,0,2,0.0,0.0,,308.0,
ProductCD×addr1,,S,33,1,33,3.0303,0.866,,310.0,
ProductCD×addr1,,S,51,1,51,1.9608,0.5604,,315.0,
ProductCD×addr1,,S,37,1,37,2.7027,0.7724,,324.0,
ProductCD×addr1,,S,329,9,329,2.7356,0.7818,,325.0,
ProductCD×addr1,,S,53,0,53,0.0,0.0,,327.0,
ProductCD×addr1,,S,5335,291,5335,5.4545,1.5589,,330.0,
ProductCD×addr1,,S,914,37,914,4.0481,1.1569,,337.0,
ProductCD×addr1,,S,3,0,3,0.0,0.0,,343.0,
ProductCD×addr1,,S,2,0,2,0.0,0.0,,348.0,
ProductCD×addr1,,S,1,0,1,0.0,0.0,,349.0,
ProductCD×addr1,,S,1,0,1,0.0,0.0,,356.0,
ProductCD×addr1,,S,18,1,18,5.5556,1.5878,,384.0,
ProductCD×addr1,,S,5,0,5,0.0,0.0,,387.0,
ProductCD×addr1,,S,14,0,14,0.0,0.0,,418.0,
ProductCD×addr1,,S,11,0,11,0.0,0.0,,420.0,
ProductCD×addr1,,S,1,0,1,0.0,0.0,,426.0,
ProductCD×addr1,,S,14,0,14,0.0,0.0,,428.0,
ProductCD×addr1,,S,19,1,19,5.2632,1.5042,,433.0,
ProductCD×addr1,,S,39,1,39,2.5641,0.7328,,436.0,
ProductCD×addr1,,S,1276,63,1276,4.9373,1.4111,,441.0,
ProductCD×addr1,,S,1,1,1,100.0,28.5796,,444.0,
ProductCD×addr1,,S,18,0,18,0.0,0.0,,448.0,
ProductCD×addr1,,S,13,0,13,0.0,0.0,,469.0,
ProductCD×addr1,,S,69,1,69,1.4493,0.4142,,472.0,
ProductCD×addr1,,S,122,0,122,0.0,0.0,,476.0,
ProductCD×addr1,,S,27,8,27,29.6296,8.468,,485.0,
ProductCD×addr1,,S,25,0,25,0.0,0.0,,494.0,
ProductCD×addr1,,S,3,1,3,33.3333,9.5265,,498.0,
ProductCD×addr1,,S,26,1,26,3.8462,1.0992,,512.0,
ProductCD×addr1,,S,2,0,2,0.0,0.0,,536.0,
ProductCD×addr1,,W,8,0,8,0.0,0.0,,104.0,
ProductCD×addr1,,W,3,0,3,0.0,0.0,,105.0,
ProductCD×addr1,,W,20,0,20,0.0,0.0,,106.0,
ProductCD×addr1,,W,2716,54,2716,1.9882,0.5682,,110.0,
ProductCD×addr1,,W,1,0,1,0.0,0.0,,113.0,
ProductCD×addr1,,W,1482,104,1482,7.0175,2.0056,,122.0,
ProductCD×addr1,,W,14230,235,14230,1.6514,0.472,,123.0,
ProductCD×addr1,,W,4,0,4,0.0,0.0,,125.0,
ProductCD×addr1,,W,12473,306,12473,2.4533,0.7011,,126.0,
ProductCD×addr1,,W,11,0,11,0.0,0.0,,134.0,
ProductCD×addr1,,W,1,0,1,0.0,0.0,,142.0,
ProductCD×addr1,,W,8958,102,8958,1.1386,0.3254,,143.0,
ProductCD×addr1,,W,1,0,1,0.0,0.0,,151.0,
ProductCD×addr1,,W,153,5,153,3.268,0.934,,157.0,
ProductCD×addr1,,W,1465,34,1465,2.3208,0.6633,,158.0,
ProductCD×addr1,,W,5,0,5,0.0,0.0,,159.0,
ProductCD×addr1,,W,2,0,2,0.0,0.0,,160.0,
ProductCD×addr1,,W,1,0,1,0.0,0.0,,166.0,
ProductCD×addr1,,W,3,0,3,0.0,0.0,,168.0,
ProductCD×addr1,,W,1726,45,1726,2.6072,0.7451,,170.0,
ProductCD×addr1,,W,2,0,2,0.0,0.0,,174.0,
ProductCD×addr1,,W,3745,100,3745,2.6702,0.7631,,177.0,
ProductCD×addr1,,W,11958,234,11958,1.9568,0.5592,,181.0,
ProductCD×addr1,,W,1,0,1,0.0,0.0,,182.0,
ProductCD×addr1,,W,12246,142,12246,1.1596,0.3314,,184.0,
ProductCD×addr1,,W,13421,196,13421,1.4604,0.4174,,191.0,
ProductCD×addr1,,W,1200,15,1200,1.25,0.3572,,194.0,
ProductCD×addr1,,W,1,0,1,0.0,0.0,,196.0,
ProductCD×addr1,,W,3,0,3,0.0,0.0,,198.0,
ProductCD×addr1,,W,12,0,12,0.0,0.0,,199.0,
ProductCD×addr1,,W,2,0,2,0.0,0.0,,201.0,
ProductCD×addr1,,W,5,0,5,0.0,0.0,,202.0,
ProductCD×addr1,,W,3190,133,3190,4.1693,1.1916,,203.0,
ProductCD×addr1,,W,36162,865,36162,2.392,0.6836,,204.0,
ProductCD×addr1,,W,5152,49,5152,0.9511,0.2718,,205.0,
ProductCD×addr1,,W,1,0,1,0.0,0.0,,206.0,
ProductCD×addr1,,W,2,0,2,0.0,0.0,,208.0,
ProductCD×addr1,,W,2,0,2,0.0,0.0,,215.0,
ProductCD×addr1,,W,4519,117,4519,2.5891,0.74,,220.0,
ProductCD×addr1,,W,1,0,1,0.0,0.0,,223.0,
ProductCD×addr1,,W,2,0,2,0.0,0.0,,224.0,
ProductCD×addr1,,W,4031,80,4031,1.9846,0.5672,,225.0,
ProductCD×addr1,,W,4100,157,4100,3.8293,1.0944,,226.0,
ProductCD×addr1,,W,1,0,1,0.0,0.0,,227.0,
ProductCD×addr1,,W,6613,160,6613,2.4195,0.6915,,231.0,
ProductCD×addr1,,W,1,0,1,0.0,0.0,,232.0,
ProductCD×addr1,,W,1,0,1,0.0,0.0,,237.0,
ProductCD×addr1,,W,1,0,1,0.0,0.0,,245.0,
ProductCD×addr1,,W,7,0,7,0.0,0.0,,247.0,
ProductCD×addr1,,W,3,0,3,0.0,0.0,,250.0,
ProductCD×addr1,,W,4863,101,4863,2.0769,0.5936,,251.0,
ProductCD×addr1,,W,991,16,991,1.6145,0.4614,,253.0,
ProductCD×addr1,,W,34,0,34,0.0,0.0,,254.0,
ProductCD×addr1,,W,1,0,1,0.0,0.0,,255.0,
ProductCD×addr1,,W,3,0,3,0.0,0.0,,259.0,
ProductCD×addr1,,W,3,0,3,0.0,0.0,,260.0,
ProductCD×addr1,,W,35530,505,35530,1.4213,0.4062,,264.0,
ProductCD×addr1,,W,4,0,4,0.0,0.0,,265.0,
ProductCD×addr1,,W,1,0,1,0.0,0.0,,268.0,
ProductCD×addr1,,W,5691,209,5691,3.6725,1.0496,,269.0,
ProductCD×addr1,,W,17963,345,17963,1.9206,0.5489,,272.0,
ProductCD×addr1,,W,2,0,2,0.0,0.0,,274.0,
ProductCD×addr1,,W,18,0,18,0.0,0.0,,275.0,
ProductCD×addr1,,W,5,0,5,0.0,0.0,,276.0,
ProductCD×addr1,,W,3,0,3,0.0,0.0,,277.0,
ProductCD×addr1,,W,1,0,1,0.0,0.0,,278.0,
ProductCD×addr1,,W,1,0,1,0.0,0.0,,282.0,
ProductCD×addr1,,W,2,0,2,0.0,0.0,,286.0,
ProductCD×addr1,,W,3,0,3,0.0,0.0,,294.0,
ProductCD×addr1,,W,4,0,4,0.0,0.0,,295.0,
ProductCD×addr1,,W,8,0,8,0.0,0.0,,297.0,
ProductCD×addr1,,W,35582,607,35582,1.7059,0.4875,,299.0,
ProductCD×addr1,,W,3,0,3,0.0,0.0,,301.0,
ProductCD×addr1,,W,2,0,2,0.0,0.0,,303.0,
ProductCD×addr1,,W,1060,66,1060,6.2264,1.7795,,308.0,
ProductCD×addr1,,W,1,0,1,0.0,0.0,,309.0,
ProductCD×addr1,,W,7282,121,7282,1.6616,0.4749,,310.0,
ProductCD×addr1,,W,20224,242,20224,1.1966,0.342,,315.0,
ProductCD×addr1,,W,1,0,1,0.0,0.0,,316.0,
ProductCD×addr1,,W,1,0,1,0.0,0.0,,318.0,
ProductCD×addr1,,W,2,0,2,0.0,0.0,,321.0,
ProductCD×addr1,,W,3,0,3,0.0,0.0,,322.0,
ProductCD×addr1,,W,1938,101,1938,5.2116,1.4895,,324.0,
ProductCD×addr1,,W,37520,804,37520,2.1429,0.6124,,325.0,
ProductCD×addr1,,W,6911,108,6911,1.5627,0.4466,,327.0,
ProductCD×addr1,,W,18411,464,18411,2.5202,0.7203,,330.0,
ProductCD×addr1,,W,11562,307,11562,2.6552,0.7588,,337.0,
ProductCD×addr1,,W,1,0,1,0.0,0.0,,340.0,
ProductCD×addr1,,W,1237,15,1237,1.2126,0.3466,,343.0,
ProductCD×addr1,,W,11,0,11,0.0,0.0,,348.0,
ProductCD×addr1,,W,1,0,1,0.0,0.0,,358.0,
ProductCD×addr1,,W,1,0,1,0.0,0.0,,361.0,
ProductCD×addr1,,W,1,0,1,0.0,0.0,,368.0,
ProductCD×addr1,,W,3,0,3,0.0,0.0,,369.0,
ProductCD×addr1,,W,2,0,2,0.0,0.0,,373.0,
ProductCD×addr1,,W,1,0,1,0.0,0.0,,376.0,
ProductCD×addr1,,W,1,0,1,0.0,0.0,,377.0,
ProductCD×addr1,,W,2,0,2,0.0,0.0,,381.0,
ProductCD×addr1,,W,1337,31,1337,2.3186,0.6626,,384.0,
ProductCD×addr1,,W,6596,134,6596,2.0315,0.5806,,387.0,
ProductCD×addr1,,W,1,0,1,0.0,0.0,,390.0,
ProductCD×addr1,,W,2,0,2,0.0,0.0,,396.0,
ProductCD×addr1,,W,2,0,2,0.0,0.0,,404.0,
ProductCD×addr1,,W,1,0,1,0.0,0.0,,408.0,
ProductCD×addr1,,W,9,0,9,0.0,0.0,,409.0,
ProductCD×addr1,,W,35,0,35,0.0,0.0,,410.0,
ProductCD×addr1,,W,1,0,1,0.0,0.0,,417.0,
ProductCD×addr1,,W,20,0,20,0.0,0.0,,418.0,
ProductCD×addr1,,W,2838,95,2838,3.3474,0.9567,,420.0,
ProductCD×addr1,,W,4,0,4,0.0,0.0,,426.0,
ProductCD×addr1,,W,1243,14,1243,1.1263,0.3219,,428.0,
ProductCD×addr1,,W,3,0,3,0.0,0.0,,429.0,
ProductCD×addr1,,W,7083,137,7083,1.9342,0.5528,,433.0,
ProductCD×addr1,,W,11,0,11,0.0,0.0,,435.0,
ProductCD×addr1,,W,2814,27,2814,0.9595,0.2742,,436.0,
ProductCD×addr1,,W,17158,400,17158,2.3313,0.6663,,441.0,
ProductCD×addr1,,W,1848,8,1848,0.4329,0.1237,,444.0,
ProductCD×addr1,,W,6,0,6,0.0,0.0,,445.0,
ProductCD×addr1,,W,758,14,758,1.847,0.5279,,448.0,
ProductCD×addr1,,W,1,0,1,0.0,0.0,,458.0,
ProductCD×addr1,,W,7,0,7,0.0,0.0,,459.0,
ProductCD×addr1,,W,1,0,1,0.0,0.0,,463.0,
ProductCD×addr1,,W,1946,42,1946,2.1583,0.6168,,469.0,
ProductCD×addr1,,W,6640,144,6640,2.1687,0.6198,,472.0,
ProductCD×addr1,,W,8383,260,8383,3.1015,0.8864,,476.0,
ProductCD×addr1,,W,1,0,1,0.0,0.0,,481.0,
ProductCD×addr1,,W,6514,110,6514,1.6887,0.4826,,485.0,
ProductCD×addr1,,W,7,0,7,0.0,0.0,,491.0,
ProductCD×addr1,,W,918,11,918,1.1983,0.3425,,492.0,
ProductCD×addr1,,W,4644,35,4644,0.7537,0.2154,,494.0,
ProductCD×addr1,,W,4364,141,4364,3.231,0.9234,,498.0,
ProductCD×addr1,,W,26,0,26,0.0,0.0,,499.0,
ProductCD×addr1,,W,806,18,806,2.2333,0.6383,,502.0,
ProductCD×addr1,,W,1,0,1,0.0,0.0,,503.0,
ProductCD×addr1,,W,3,0,3,0.0,0.0,,509.0,
ProductCD×addr1,,W,6834,199,6834,2.9119,0.8322,,512.0,
ProductCD×addr1,,W,2,0,2,0.0,0.0,,517.0,
ProductCD×addr1,,W,1,0,1,0.0,0.0,,519.0,
ProductCD×addr1,,W,1,0,1,0.0,0.0,,522.0,
ProductCD×addr1,,W,13,0,13,0.0,0.0,,536.0,
card4×addr1,,,38,0,38,0.0,0.0,american express,110.0,
card4×addr1,,,3,0,3,0.0,0.0,american express,122.0,
card4×addr1,,,139,19,139,13.6691,3.9066,american express,123.0,
card4×addr1,,,381,11,381,2.8871,0.8251,american express,126.0,
card4×addr1,,,55,0,55,0.0,0.0,american express,143.0,
card4×addr1,,,1,0,1,0.0,0.0,american express,157.0,
card4×addr1,,,4,1,4,25.0,7.1449,american express,158.0,
card4×addr1,,,16,0,16,0.0,0.0,american express,170.0,
card4×addr1,,,1,0,1,0.0,0.0,american express,171.0,
card4×addr1,,,95,2,95,2.1053,0.6017,american express,177.0,
card4×addr1,,,231,1,231,0.4329,0.1237,american express,181.0,
card4×addr1,,,264,6,264,2.2727,0.6495,american express,184.0,
card4×addr1,,,198,1,198,0.5051,0.1444,american express,191.0,
card4×addr1,,,21,0,21,0.0,0.0,american express,194.0,
card4×addr1,,,1,1,1,100.0,28.5796,american express,199.0,
card4×addr1,,,27,0,27,0.0,0.0,american express,203.0,
card4×addr1,,,918,13,918,1.4161,0.4047,american express,204.0,
card4×addr1,,,32,0,32,0.0,0.0,american express,205.0,
card4×addr1,,,39,2,39,5.1282,1.4656,american express,220.0,
card4×addr1,,,98,1,98,1.0204,0.2916,american express,225.0,
card4×addr1,,,51,0,51,0.0,0.0,american express,226.0,
card4×addr1,,,98,5,98,5.102,1.4581,american express,231.0,
card4×addr1,,,49,0,49,0.0,0.0,american express,251.0,
card4×addr1,,,9,0,9,0.0,0.0,american express,253.0,
card4×addr1,,,6,0,6,0.0,0.0,american express,254.0,
card4×addr1,,,402,13,402,3.2338,0.9242,american express,264.0,
card4×addr1,,,68,0,68,0.0,0.0,american express,269.0,
card4×addr1,,,308,17,308,5.5195,1.5775,american express,272.0,
card4×addr1,,,3,0,3,0.0,0.0,american express,296.0,
card4×addr1,,,1247,33,1247,2.6464,0.7563,american express,299.0,
card4×addr1,,,13,0,13,0.0,0.0,american express,308.0,
card4×addr1,,,88,5,88,5.6818,1.6238,american express,310.0,
card4×addr1,,,210,11,210,5.2381,1.497,american express,315.0,
card4×addr1,,,16,0,16,0.0,0.0,american express,324.0,
card4×addr1,,,738,39,738,5.2846,1.5103,american express,325.0,
card4×addr1,,,124,3,124,2.4194,0.6915,american express,327.0,
card4×addr1,,,455,11,455,2.4176,0.6909,american express,330.0,
card4×addr1,,,332,8,332,2.4096,0.6887,american express,337.0,
card4×addr1,,,43,0,43,0.0,0.0,american express,343.0,
card4×addr1,,,4,0,4,0.0,0.0,american express,348.0,
card4×addr1,,,8,0,8,0.0,0.0,american express,356.0,
card4×addr1,,,31,2,31,6.4516,1.8438,american express,384.0,
card4×addr1,,,230,0,230,0.0,0.0,american express,387.0,
card4×addr1,,,1,0,1,0.0,0.0,american express,410.0,
card4×addr1,,,11,0,11,0.0,0.0,american express,418.0,
card4×addr1,,,30,0,30,0.0,0.0,american express,420.0,
card4×addr1,,,9,2,9,22.2222,6.351,american express,428.0,
card4×addr1,,,7,0,7,0.0,0.0,american express,432.0,
card4×addr1,,,103,0,103,0.0,0.0,american express,433.0,
card4×addr1,,,27,2,27,7.4074,2.117,american express,436.0,
card4×addr1,,,274,7,274,2.5547,0.7301,american express,441.0,
card4×addr1,,,5,0,5,0.0,0.0,american express,444.0,
card4×addr1,,,14,0,14,0.0,0.0,american express,448.0,
card4×addr1,,,200,2,200,1.0,0.2858,american express,469.0,
card4×addr1,,,184,3,184,1.6304,0.466,american express,472.0,
card4×addr1,,,110,1,110,0.9091,0.2598,american express,476.0,
card4×addr1,,,18,2,18,11.1111,3.1755,american express,485.0,
card4×addr1,,,3,0,3,0.0,0.0,american express,492.0,
card4×addr1,,,72,1,72,1.3889,0.3969,american express,494.0,
card4×addr1,,,41,0,41,0.0,0.0,american express,498.0,
card4×addr1,,,4,0,4,0.0,0.0,american express,502.0,
card4×addr1,,,86,11,86,12.7907,3.6555,american express,512.0,
card4×addr1,,,16,0,16,0.0,0.0,american express,536.0,
card4×addr1,,,28,0,28,0.0,0.0,discover,110.0,
card4×addr1,,,6,0,6,0.0,0.0,discover,122.0,
card4×addr1,,,369,60,369,16.2602,4.6471,discover,123.0,
card4×addr1,,,240,16,240,6.6667,1.9053,discover,126.0,
card4×addr1,,,118,7,118,5.9322,1.6954,discover,143.0,
card4×addr1,,,1,0,1,0.0,0.0,discover,157.0,
card4×addr1,,,15,0,15,0.0,0.0,discover,158.0,
card4×addr1,,,19,4,19,21.0526,6.0167,discover,170.0,
card4×addr1,,,80,5,80,6.25,1.7862,discover,177.0,
card4×addr1,,,115,11,115,9.5652,2.7337,discover,181.0,
card4×addr1,,,207,5,207,2.4155,0.6903,discover,184.0,
card4×addr1,,,108,13,108,12.037,3.4401,discover,191.0,
card4×addr1,,,14,0,14,0.0,0.0,discover,194.0,
card4×addr1,,,111,9,111,8.1081,2.3173,discover,203.0,
card4×addr1,,,498,58,498,11.6466,3.3286,discover,204.0,
card4×addr1,,,67,1,67,1.4925,0.4266,discover,205.0,
card4×addr1,,,53,3,53,5.6604,1.6177,discover,220.0,
card4×addr1,,,66,5,66,7.5758,2.1651,discover,225.0,
card4×addr1,,,82,1,82,1.2195,0.3485,discover,226.0,
card4×addr1,,,69,0,69,0.0,0.0,discover,231.0,
card4×addr1,,,81,3,81,3.7037,1.0585,discover,251.0,
card4×addr1,,,9,4,9,44.4444,12.702,discover,253.0,
card4×addr1,,,484,55,484,11.3636,3.2477,discover,264.0,
card4×addr1,,,66,8,66,12.1212,3.4642,discover,269.0,
card4×addr1,,,176,23,176,13.0682,3.7348,discover,272.0,
card4×addr1,,,1,0,1,0.0,0.0,discover,275.0,
card4×addr1,,,502,14,502,2.7888,0.797,discover,299.0,
card4×addr1,,,16,0,16,0.0,0.0,discover,308.0,
card4×addr1,,,63,3,63,4.7619,1.3609,discover,310.0,
card4×addr1,,,447,12,447,2.6846,0.7672,discover,315.0,
card4×addr1,,,23,0,23,0.0,0.0,discover,324.0,
card4×addr1,,,564,27,564,4.7872,1.3682,discover,325.0,
card4×addr1,,,225,4,225,1.7778,0.5081,discover,327.0,
card4×addr1,,,419,53,419,12.6492,3.6151,discover,330.0,
card4×addr1,,,187,17,187,9.0909,2.5981,discover,337.0,
card4×addr1,,,13,2,13,15.3846,4.3969,discover,343.0,
card4×addr1,,,18,1,18,5.5556,1.5878,discover,384.0,
card4×addr1,,,86,3,86,3.4884,0.997,discover,387.0,
card4×addr1,,,41,0,41,0.0,0.0,discover,420.0,
card4×addr1,,,17,5,17,29.4118,8.4058,discover,428.0,
card4×addr1,,,162,9,162,5.5556,1.5878,discover,433.0,
card4×addr1,,,59,2,59,3.3898,0.9688,discover,436.0,
card4×addr1,,,203,28,203,13.7931,3.942,discover,441.0,
card4×addr1,,,14,0,14,0.0,0.0,discover,444.0,
card4×addr1,,,32,4,32,12.5,3.5724,discover,448.0,
card4×addr1,,,35,2,35,5.7143,1.6331,discover,469.0,
card4×addr1,,,120,7,120,5.8333,1.6671,discover,472.0,
card4×addr1,,,64,17,64,26.5625,7.5915,discover,476.0,
card4×addr1,,,96,0,96,0.0,0.0,discover,485.0,
card4×addr1,,,19,3,19,15.7895,4.5126,discover,492.0,
card4×addr1,,,20,0,20,0.0,0.0,discover,494.0,
card4×addr1,,,88,9,88,10.2273,2.9229,discover,498.0,
card4×addr1,,,4,0,4,0.0,0.0,discover,502.0,
card4×addr1,,,29,1,29,3.4483,0.9855,discover,512.0,
card4×addr1,,,4,0,4,0.0,0.0,mastercard,100.0,
card4×addr1,,,1,0,1,0.0,0.0,mastercard,104.0,
card4×addr1,,,5,0,5,0.0,0.0,mastercard,106.0,
card4×addr1,,,877,6,877,0.6842,0.1955,mastercard,110.0,
card4×addr1,,,2,0,2,0.0,0.0,mastercard,111.0,
card4×addr1,,,1,0,1,0.0,0.0,mastercard,113.0,
card4×addr1,,,1,0,1,0.0,0.0,mastercard,117.0,
card4×addr1,,,2,0,2,0.0,0.0,mastercard,119.0,
card4×addr1,,,417,6,417,1.4388,0.4112,mastercard,122.0,
card4×addr1,,,7471,155,7471,2.0747,0.5929,mastercard,123.0,
card4×addr1,,,3711,133,3711,3.5839,1.0243,mastercard,126.0,
card4×addr1,,,163,20,163,12.2699,3.5067,mastercard,130.0,
card4×addr1,,,1,0,1,0.0,0.0,mastercard,131.0,
card4×addr1,,,4,0,4,0.0,0.0,mastercard,134.0,
card4×addr1,,,2,0,2,0.0,0.0,mastercard,141.0,
card4×addr1,,,3,0,3,0.0,0.0,mastercard,142.0,
card4×addr1,,,3729,30,3729,0.8045,0.2299,mastercard,143.0,
card4×addr1,,,2,0,2,0.0,0.0,mastercard,144.0,
card4×addr1,,,1,0,1,0.0,0.0,mastercard,146.0,
card4×addr1,,,42,0,42,0.0,0.0,mastercard,148.0,
card4×addr1,,,1,0,1,0.0,0.0,mastercard,152.0,
card4×addr1,,,1,0,1,0.0,0.0,mastercard,153.0,
card4×addr1,,,5,0,5,0.0,0.0,mastercard,154.0,
card4×addr1,,,7,0,7,0.0,0.0,mastercard,155.0,
card4×addr1,,,11,0,11,0.0,0.0,mastercard,157.0,
card4×addr1,,,452,4,452,0.885,0.2529,mastercard,158.0,
card4×addr1,,,4,0,4,0.0,0.0,mastercard,159.0,
card4×addr1,,,186,36,186,19.3548,5.5315,mastercard,161.0,
card4×addr1,,,1,0,1,0.0,0.0,mastercard,163.0,
card4×addr1,,,1,0,1,0.0,0.0,mastercard,164.0,
card4×addr1,,,22,1,22,4.5455,1.2991,mastercard,167.0,
card4×addr1,,,3,0,3,0.0,0.0,mastercard,168.0,
card4×addr1,,,632,11,632,1.7405,0.4974,mastercard,170.0,
card4×addr1,,,4,0,4,0.0,0.0,mastercard,171.0,
card4×addr1,,,1,0,1,0.0,0.0,mastercard,174.0,
card4×addr1,,,1114,13,1114,1.167,0.3335,mastercard,177.0,
card4×addr1,,,6422,138,6422,2.1489,0.6141,mastercard,181.0,
card4×addr1,,,1,0,1,0.0,0.0,mastercard,182.0,
card4×addr1,,,1,0,1,0.0,0.0,mastercard,183.0,
card4×addr1,,,3558,47,3558,1.321,0.3775,mastercard,184.0,
card4×addr1,,,1,0,1,0.0,0.0,mastercard,185.0,
card4×addr1,,,1,0,1,0.0,0.0,mastercard,190.0,
card4×addr1,,,5269,57,5269,1.0818,0.3092,mastercard,191.0,
card4×addr1,,,270,8,270,2.963,0.8468,mastercard,194.0,
card4×addr1,,,1,0,1,0.0,0.0,mastercard,195.0,
card4×addr1,,,1,0,1,0.0,0.0,mastercard,198.0,
card4×addr1,,,1,0,1,0.0,0.0,mastercard,200.0,
card4×addr1,,,2,0,2,0.0,0.0,mastercard,201.0,
card4×addr1,,,4,0,4,0.0,0.0,mastercard,202.0,
card4×addr1,,,1488,107,1488,7.1909,2.0551,mastercard,203.0,
card4×addr1,,,12234,353,12234,2.8854,0.8246,mastercard,204.0,
card4×addr1,,,1798,18,1798,1.0011,0.2861,mastercard,205.0,
card4×addr1,,,1,0,1,0.0,0.0,mastercard,208.0,
card4×addr1,,,4,0,4,0.0,0.0,mastercard,210.0,
card4×addr1,,,1,0,1,0.0,0.0,mastercard,211.0,
card4×addr1,,,2,0,2,0.0,0.0,mastercard,214.0,
card4×addr1,,,15,3,15,20.0,5.7159,mastercard,216.0,
card4×addr1,,,1,0,1,0.0,0.0,mastercard,217.0,
card4×addr1,,,1,0,1,0.0,0.0,mastercard,219.0,
card4×addr1,,,922,17,922,1.8438,0.527,mastercard,220.0,
card4×addr1,,,1,0,1,0.0,0.0,mastercard,224.0,
card4×addr1,,,1007,19,1007,1.8868,0.5392,mastercard,225.0,
card4×addr1,,,1520,27,1520,1.7763,0.5077,mastercard,226.0,
card4×addr1,,,2715,66,2715,2.4309,0.6947,mastercard,231.0,
card4×addr1,,,1,0,1,0.0,0.0,mastercard,234.0,
card4×addr1,,,1,0,1,0.0,0.0,mastercard,235.0,
card4×addr1,,,2,0,2,0.0,0.0,mastercard,236.0,
card4×addr1,,,1,0,1,0.0,0.0,mastercard,237.0,
card4×addr1,,,14,2,14,14.2857,4.0828,mastercard,239.0,
card4×addr1,,,1,0,1,0.0,0.0,mastercard,241.0,
card4×addr1,,,38,2,38,5.2632,1.5042,mastercard,242.0,
card4×addr1,,,1,0,1,0.0,0.0,mastercard,243.0,
card4×addr1,,,4,0,4,0.0,0.0,mastercard,247.0,
card4×addr1,,,1,0,1,0.0,0.0,mastercard,248.0,
card4×addr1,,,1,0,1,0.0,0.0,mastercard,249.0,
card4×addr1,,,2,0,2,0.0,0.0,mastercard,250.0,
card4×addr1,,,2239,52,2239,2.3225,0.6638,mastercard,251.0,
card4×addr1,,,1,0,1,0.0,0.0,mastercard,252.0,
card4×addr1,,,459,6,459,1.3072,0.3736,mastercard,253.0,
card4×addr1,,,5,0,5,0.0,0.0,mastercard,254.0,
card4×addr1,,,12,0,12,0.0,0.0,mastercard,258.0,
card4×addr1,,,1,0,1,0.0,0.0,mastercard,260.0,
card4×addr1,,,14482,265,14482,1.8299,0.523,mastercard,264.0,
card4×addr1,,,2,0,2,0.0,0.0,mastercard,265.0,
card4×addr1,,,2487,119,2487,4.7849,1.3675,mastercard,269.0,
card4×addr1,,,2,0,2,0.0,0.0,mastercard,270.0,
card4×addr1,,,6217,175,6217,2.8149,0.8045,mastercard,272.0,
card4×addr1,,,7,0,7,0.0,0.0,mastercard,275.0,
card4×addr1,,,2,0,2,0.0,0.0,mastercard,276.0,
card4×addr1,,,1,0,1,0.0,0.0,mastercard,277.0,
card4×addr1,,,1,0,1,0.0,0.0,mastercard,279.0,
card4×addr1,,,1,0,1,0.0,0.0,mastercard,280.0,
card4×addr1,,,1,0,1,0.0,0.0,mastercard,282.0,
card4×addr1,,,1,0,1,0.0,0.0,mastercard,283.0,
card4×addr1,,,345,11,345,3.1884,0.9112,mastercard,284.0,
card4×addr1,,,1,0,1,0.0,0.0,mastercard,286.0,
card4×addr1,,,1,0,1,0.0,0.0,mastercard,292.0,
card4×addr1,,,4,0,4,0.0,0.0,mastercard,295.0,
card4×addr1,,,140,21,140,15.0,4.2869,mastercard,296.0,
card4×addr1,,,1,0,1,0.0,0.0,mastercard,297.0,
card4×addr1,,,10253,217,10253,2.1165,0.6049,mastercard,299.0,
card4×addr1,,,1,0,1,0.0,0.0,mastercard,300.0,
card4×addr1,,,3,0,3,0.0,0.0,mastercard,301.0,
card4×addr1,,,1,0,1,0.0,0.0,mastercard,302.0,
card4×addr1,,,2,0,2,0.0,0.0,mastercard,304.0,
card4×addr1,,,1,0,1,0.0,0.0,mastercard,305.0,
card4×addr1,,,443,4,443,0.9029,0.258,mastercard,308.0,
card4×addr1,,,1276,22,1276,1.7241,0.4927,mastercard,310.0,
card4×addr1,,,8653,124,8653,1.433,0.4095,mastercard,315.0,
card4×addr1,,,1,0,1,0.0,0.0,mastercard,316.0,
card4×addr1,,,412,36,412,8.7379,2.4973,mastercard,324.0,
card4×addr1,,,14026,306,14026,2.1817,0.6235,mastercard,325.0,
card4×addr1,,,3271,50,3271,1.5286,0.4369,mastercard,327.0,
card4×addr1,,,1,0,1,0.0,0.0,mastercard,328.0,
card4×addr1,,,8278,223,8278,2.6939,0.7699,mastercard,330.0,
card4×addr1,,,9,0,9,0.0,0.0,mastercard,332.0,
card4×addr1,,,1,0,1,0.0,0.0,mastercard,333.0,
card4×addr1,,,1,0,1,0.0,0.0,mastercard,335.0,
card4×addr1,,,4036,83,4036,2.0565,0.5877,mastercard,337.0,
card4×addr1,,,2,0,2,0.0,0.0,mastercard,339.0,
card4×addr1,,,613,5,613,0.8157,0.2331,mastercard,343.0,
card4×addr1,,,4,0,4,0.0,0.0,mastercard,345.0,
card4×addr1,,,4,0,4,0.0,0.0,mastercard,346.0,
card4×addr1,,,1,0,1,0.0,0.0,mastercard,347.0,
card4×addr1,,,21,0,21,0.0,0.0,mastercard,348.0,
card4×addr1,,,2,0,2,0.0,0.0,mastercard,349.0,
card4×addr1,,,1,0,1,0.0,0.0,mastercard,352.0,
card4×addr1,,,25,0,25,0.0,0.0,mastercard,356.0,
card4×addr1,,,7,0,7,0.0,0.0,mastercard,359.0,
card4×addr1,,,1,0,1,0.0,0.0,mastercard,366.0,
card4×addr1,,,1,0,1,0.0,0.0,mastercard,369.0,
card4×addr1,,,5,0,5,0.0,0.0,mastercard,371.0,
card4×addr1,,,2,0,2,0.0,0.0,mastercard,373.0,
card4×addr1,,,6,0,6,0.0,0.0,mastercard,374.0,
card4×addr1,,,11,0,11,0.0,0.0,mastercard,375.0,
card4×addr1,,,1,0,1,0.0,0.0,mastercard,377.0,
card4×addr1,,,1,0,1,0.0,0.0,mastercard,379.0,
card4×addr1,,,1,0,1,0.0,0.0,mastercard,381.0,
card4×addr1,,,479,5,479,1.0438,0.2983,mastercard,384.0,
card4×addr1,,,3,0,3,0.0,0.0,mastercard,385.0,
card4×addr1,,,2730,45,2730,1.6484,0.4711,mastercard,387.0,
card4×addr1,,,1,0,1,0.0,0.0,mastercard,389.0,
card4×addr1,,,1,0,1,0.0,0.0,mastercard,390.0,
card4×addr1,,,15,7,15,46.6667,13.3371,mastercard,391.0,
card4×addr1,,,4,0,4,0.0,0.0,mastercard,393.0,
card4×addr1,,,1,0,1,0.0,0.0,mastercard,395.0,
card4×addr1,,,1,0,1,0.0,0.0,mastercard,397.0,
card4×addr1,,,3,0,3,0.0,0.0,mastercard,399.0,
card4×addr1,,,1,0,1,0.0,0.0,mastercard,401.0,
card4×addr1,,,1,0,1,0.0,0.0,mastercard,402.0,
card4×addr1,,,1,0,1,0.0,0.0,mastercard,403.0,
card4×addr1,,,3,0,3,0.0,0.0,mastercard,404.0,
card4×addr1,,,1,0,1,0.0,0.0,mastercard,406.0,
card4×addr1,,,5,0,5,0.0,0.0,mastercard,409.0,
card4×addr1,,,12,0,12,0.0,0.0,mastercard,410.0,
card4×addr1,,,4,0,4,0.0,0.0,mastercard,411.0,
card4×addr1,,,1,0,1,0.0,0.0,mastercard,416.0,
card4×addr1,,,11,0,11,0.0,0.0,mastercard,418.0,
card4×addr1,,,663,11,663,1.6591,0.4742,mastercard,420.0,
card4×addr1,,,8,0,8,0.0,0.0,mastercard,426.0,
card4×addr1,,,1,0,1,0.0,0.0,mastercard,427.0,
card4×addr1,,,442,10,442,2.2624,0.6466,mastercard,428.0,
card4×addr1,,,2,0,2,0.0,0.0,mastercard,430.0,
card4×addr1,,,23,13,23,56.5217,16.1537,mastercard,431.0,
card4×addr1,,,11,3,11,27.2727,7.7944,mastercard,432.0,
card4×addr1,,,2133,57,2133,2.6723,0.7637,mastercard,433.0,
card4×addr1,,,6,0,6,0.0,0.0,mastercard,435.0,
card4×addr1,,,1078,14,1078,1.2987,0.3712,mastercard,436.0,
card4×addr1,,,2,0,2,0.0,0.0,mastercard,439.0,
card4×addr1,,,5240,86,5240,1.6412,0.469,mastercard,441.0,
card4×addr1,,,4,0,4,0.0,0.0,mastercard,443.0,
card4×addr1,,,575,2,575,0.3478,0.0994,mastercard,444.0,
card4×addr1,,,3,0,3,0.0,0.0,mastercard,445.0,
card4×addr1,,,426,5,426,1.1737,0.3354,mastercard,448.0,
card4×addr1,,,1,0,1,0.0,0.0,mastercard,450.0,
card4×addr1,,,1,0,1,0.0,0.0,mastercard,451.0,
card4×addr1,,,5,0,5,0.0,0.0,mastercard,452.0,
card4×addr1,,,6,2,6,33.3333,9.5265,mastercard,453.0,
card4×addr1,,,2,0,2,0.0,0.0,mastercard,454.0,
card4×addr1,,,1,0,1,0.0,0.0,mastercard,462.0,
card4×addr1,,,1,0,1,0.0,0.0,mastercard,463.0,
card4×addr1,,,202,17,202,8.4158,2.4052,mastercard,465.0,
card4×addr1,,,1,0,1,0.0,0.0,mastercard,466.0,
card4×addr1,,,2,0,2,0.0,0.0,mastercard,468.0,
card4×addr1,,,393,11,393,2.799,0.7999,mastercard,469.0,
card4×addr1,,,2,1,2,50.0,14.2898,mastercard,471.0,
card4×addr1,,,3380,56,3380,1.6568,0.4735,mastercard,472.0,
card4×addr1,,,4,0,4,0.0,0.0,mastercard,474.0,
card4×addr1,,,2386,52,2386,2.1794,0.6229,mastercard,476.0,
card4×addr1,,,3,0,3,0.0,0.0,mastercard,477.0,
card4×addr1,,,3,0,3,0.0,0.0,mastercard,478.0,
card4×addr1,,,8,0,8,0.0,0.0,mastercard,479.0,
card4×addr1,,,1,0,1,0.0,0.0,mastercard,481.0,
card4×addr1,,,6,4,6,66.6667,19.0531,mastercard,483.0,
card4×addr1,,,2689,55,2689,2.0454,0.5846,mastercard,485.0,
card4×addr1,,,32,0,32,0.0,0.0,mastercard,486.0,
card4×addr1,,,2,0,2,0.0,0.0,mastercard,491.0,
card4×addr1,,,287,7,287,2.439,0.6971,mastercard,492.0,
card4×addr1,,,1,0,1,0.0,0.0,mastercard,493.0,
card4×addr1,,,1293,9,1293,0.6961,0.1989,mastercard,494.0,
card4×addr1,,,3,0,3,0.0,0.0,mastercard,496.0,
card4×addr1,,,1752,13,1752,0.742,0.2121,mastercard,498.0,
card4×addr1,,,18,0,18,0.0,0.0,mastercard,499.0,
card4×addr1,,,1,0,1,0.0,0.0,mastercard,501.0,
card4×addr1,,,388,5,388,1.2887,0.3683,mastercard,502.0,
card4×addr1,,,6,0,6,0.0,0.0,mastercard,504.0,
card4×addr1,,,1,0,1,0.0,0.0,mastercard,505.0,
card4×addr1,,,1,0,1,0.0,0.0,mastercard,506.0,
card4×addr1,,,3,0,3,0.0,0.0,mastercard,507.0,
card4×addr1,,,27,0,27,0.0,0.0,mastercard,508.0,
card4×addr1,,,2,0,2,0.0,0.0,mastercard,509.0,
card4×addr1,,,65,7,65,10.7692,3.0778,mastercard,511.0,
card4×addr1,,,1956,45,1956,2.3006,0.6575,mastercard,512.0,
card4×addr1,,,2,0,2,0.0,0.0,mastercard,513.0,
card4×addr1,,,3,0,3,0.0,0.0,mastercard,514.0,
card4×addr1,,,2,0,2,0.0,0.0,mastercard,518.0,
card4×addr1,,,14,0,14,0.0,0.0,mastercard,520.0,
card4×addr1,,,2,0,2,0.0,0.0,mastercard,523.0,
card4×addr1,,,1,0,1,0.0,0.0,mastercard,527.0,
card4×addr1,,,2,0,2,0.0,0.0,mastercard,528.0,
card4×addr1,,,2,0,2,0.0,0.0,mastercard,529.0,
card4×addr1,,,1,0,1,0.0,0.0,mastercard,531.0,
card4×addr1,,,80,8,80,10.0,2.858,mastercard,536.0,
card4×addr1,,,1,0,1,0.0,0.0,mastercard,540.0,
card4×addr1,,,22,0,22,0.0,0.0,visa,100.0,
card4×addr1,,,1,0,1,0.0,0.0,visa,101.0,
card4×addr1,,,13,0,13,0.0,0.0,visa,102.0,
card4×addr1,,,7,0,7,0.0,0.0,visa,104.0,
card4×addr1,,,3,0,3,0.0,0.0,visa,105.0,
card4×addr1,,,15,0,15,0.0,0.0,visa,106.0,
card4×addr1,,,2267,58,2267,2.5584,0.7312,visa,110.0,
card4×addr1,,,2,0,2,0.0,0.0,visa,112.0,
card4×addr1,,,1,0,1,0.0,0.0,visa,119.0,
card4×addr1,,,1,0,1,0.0,0.0,visa,120.0,
card4×addr1,,,1186,111,1186,9.3592,2.6748,visa,122.0,
card4×addr1,,,8075,161,8075,1.9938,0.5698,visa,123.0,
card4×addr1,,,1,0,1,0.0,0.0,visa,124.0,
card4×addr1,,,4,0,4,0.0,0.0,visa,125.0,
card4×addr1,,,10865,226,10865,2.0801,0.5945,visa,126.0,
card4×addr1,,,1,0,1,0.0,0.0,visa,127.0,
card4×addr1,,,1,0,1,0.0,0.0,visa,128.0,
card4×addr1,,,1,0,1,0.0,0.0,visa,129.0,
card4×addr1,,,179,9,179,5.0279,1.437,visa,130.0,
card4×addr1,,,1,0,1,0.0,0.0,visa,132.0,
card4×addr1,,,1,0,1,0.0,0.0,visa,133.0,
card4×addr1,,,7,0,7,0.0,0.0,visa,134.0,
card4×addr1,,,1,0,1,0.0,0.0,visa,137.0,
card4×addr1,,,1,0,1,0.0,0.0,visa,139.0,
card4×addr1,,,13,0,13,0.0,0.0,visa,142.0,
card4×addr1,,,5876,87,5876,1.4806,0.4231,visa,143.0,
card4×addr1,,,1,0,1,0.0,0.0,visa,144.0,
card4×addr1,,,3,0,3,0.0,0.0,visa,145.0,
card4×addr1,,,1,0,1,0.0,0.0,visa,146.0,
card4×addr1,,,54,0,54,0.0,0.0,visa,148.0,
card4×addr1,,,1,0,1,0.0,0.0,visa,151.0,
card4×addr1,,,6,0,6,0.0,0.0,visa,152.0,
card4×addr1,,,8,0,8,0.0,0.0,visa,154.0,
card4×addr1,,,11,1,11,9.0909,2.5981,visa,155.0,
card4×addr1,,,1,0,1,0.0,0.0,visa,156.0,
card4×addr1,,,155,5,155,3.2258,0.9219,visa,157.0,
card4×addr1,,,1086,33,1086,3.0387,0.8684,visa,158.0,
card4×addr1,,,1,0,1,0.0,0.0,visa,159.0,
card4×addr1,,,2,0,2,0.0,0.0,visa,160.0,
card4×addr1,,,235,46,235,19.5745,5.5943,visa,161.0,
card4×addr1,,,1,0,1,0.0,0.0,visa,162.0,
card4×addr1,,,1,0,1,0.0,0.0,visa,166.0,
card4×addr1,,,35,2,35,5.7143,1.6331,visa,167.0,
card4×addr1,,,1328,53,1328,3.991,1.1406,visa,170.0,
card4×addr1,,,7,2,7,28.5714,8.1656,visa,171.0,
card4×addr1,,,3,0,3,0.0,0.0,visa,172.0,
card4×addr1,,,1,0,1,0.0,0.0,visa,174.0,
card4×addr1,,,3373,122,3373,3.617,1.0337,visa,177.0,
card4×addr1,,,1,0,1,0.0,0.0,visa,178.0,
card4×addr1,,,1,0,1,0.0,0.0,visa,180.0,
card4×addr1,,,7059,148,7059,2.0966,0.5992,visa,181.0,
card4×addr1,,,11099,148,11099,1.3335,0.3811,visa,184.0,
card4×addr1,,,1,0,1,0.0,0.0,visa,187.0,
card4×addr1,,,1,0,1,0.0,0.0,visa,189.0,
card4×addr1,,,9359,177,9359,1.8912,0.5405,visa,191.0,
card4×addr1,,,3,0,3,0.0,0.0,visa,193.0,
card4×addr1,,,1264,9,1264,0.712,0.2035,visa,194.0,
card4×addr1,,,1,0,1,0.0,0.0,visa,196.0,
card4×addr1,,,2,0,2,0.0,0.0,visa,198.0,
card4×addr1,,,12,0,12,0.0,0.0,visa,199.0,
card4×addr1,,,1,0,1,0.0,0.0,visa,201.0,
card4×addr1,,,1,0,1,0.0,0.0,visa,202.0,
card4×addr1,,,2176,39,2176,1.7923,0.5122,visa,203.0,
card4×addr1,,,28243,693,28243,2.4537,0.7013,visa,204.0,
card4×addr1,,,3809,43,3809,1.1289,0.3226,visa,205.0,
card4×addr1,,,1,0,1,0.0,0.0,visa,206.0,
card4×addr1,,,1,0,1,0.0,0.0,visa,208.0,
card4×addr1,,,3,0,3,0.0,0.0,visa,210.0,
card4×addr1,,,1,0,1,0.0,0.0,visa,213.0,
card4×addr1,,,2,0,2,0.0,0.0,visa,215.0,
card4×addr1,,,39,10,39,25.641,7.3281,visa,216.0,
card4×addr1,,,6,0,6,0.0,0.0,visa,218.0,
card4×addr1,,,4014,114,4014,2.8401,0.8117,visa,220.0,
card4×addr1,,,8,0,8,0.0,0.0,visa,221.0,
card4×addr1,,,1,0,1,0.0,0.0,visa,223.0,
card4×addr1,,,1,0,1,0.0,0.0,visa,224.0,
card4×addr1,,,4140,108,4140,2.6087,0.7456,visa,225.0,
card4×addr1,,,3204,161,3204,5.025,1.4361,visa,226.0,
card4×addr1,,,1,0,1,0.0,0.0,visa,227.0,
card4×addr1,,,4707,147,4707,3.123,0.8925,visa,231.0,
card4×addr1,,,1,0,1,0.0,0.0,visa,232.0,
card4×addr1,,,1,0,1,0.0,0.0,visa,233.0,
card4×addr1,,,1,0,1,0.0,0.0,visa,236.0,
card4×addr1,,,1,0,1,0.0,0.0,visa,238.0,
card4×addr1,,,17,4,17,23.5294,6.7246,visa,239.0,
card4×addr1,,,46,3,46,6.5217,1.8639,visa,242.0,
card4×addr1,,,1,0,1,0.0,0.0,visa,244.0,
card4×addr1,,,1,0,1,0.0,0.0,visa,245.0,
card4×addr1,,,3,0,3,0.0,0.0,visa,247.0,
card4×addr1,,,1,0,1,0.0,0.0,visa,250.0,
card4×addr1,,,2836,61,2836,2.1509,0.6147,visa,251.0,
card4×addr1,,,1,0,1,0.0,0.0,visa,252.0,
card4×addr1,,,578,10,578,1.7301,0.4945,visa,253.0,
card4×addr1,,,57,0,57,0.0,0.0,visa,254.0,
card4×addr1,,,1,0,1,0.0,0.0,visa,255.0,
card4×addr1,,,1,0,1,0.0,0.0,visa,257.0,
card4×addr1,,,26,0,26,0.0,0.0,visa,258.0,
card4×addr1,,,3,0,3,0.0,0.0,visa,259.0,
card4×addr1,,,5,2,5,40.0,11.4318,visa,260.0,
card4×addr1,,,1,0,1,0.0,0.0,visa,261.0,
card4×addr1,,,1,0,1,0.0,0.0,visa,262.0,
card4×addr1,,,24393,394,24393,1.6152,0.4616,visa,264.0,
card4×addr1,,,2,0,2,0.0,0.0,visa,265.0,
card4×addr1,,,1,0,1,0.0,0.0,visa,268.0,
card4×addr1,,,3765,99,3765,2.6295,0.7515,visa,269.0,
card4×addr1,,,1,0,1,0.0,0.0,visa,270.0,
card4×addr1,,,13379,361,13379,2.6983,0.7712,visa,272.0,
card4×addr1,,,2,0,2,0.0,0.0,visa,274.0,
card4×addr1,,,10,0,10,0.0,0.0,visa,275.0,
card4×addr1,,,3,0,3,0.0,0.0,visa,276.0,
card4×addr1,,,2,0,2,0.0,0.0,visa,277.0,
card4×addr1,,,1,0,1,0.0,0.0,visa,278.0,
card4×addr1,,,425,14,425,3.2941,0.9414,visa,284.0,
card4×addr1,,,1,0,1,0.0,0.0,visa,286.0,
card4×addr1,,,2,0,2,0.0,0.0,visa,290.0,
card4×addr1,,,3,0,3,0.0,0.0,visa,294.0,
card4×addr1,,,223,57,223,25.5605,7.3051,visa,296.0,
card4×addr1,,,7,0,7,0.0,0.0,visa,297.0,
card4×addr1,,,1,0,1,0.0,0.0,visa,298.0,
card4×addr1,,,34211,718,34211,2.0987,0.5998,visa,299.0,
card4×addr1,,,5,0,5,0.0,0.0,visa,300.0,
card4×addr1,,,2,0,2,0.0,0.0,visa,303.0,
card4×addr1,,,8,6,8,75.0,21.4347,visa,305.0,
card4×addr1,,,1,0,1,0.0,0.0,visa,306.0,
card4×addr1,,,4,0,4,0.0,0.0,visa,307.0,
card4×addr1,,,804,79,804,9.8259,2.8082,visa,308.0,
card4×addr1,,,1,0,1,0.0,0.0,visa,309.0,
card4×addr1,,,7028,137,7028,1.9493,0.5571,visa,310.0,
card4×addr1,,,1,0,1,0.0,0.0,visa,312.0,
card4×addr1,,,1,0,1,0.0,0.0,visa,313.0,
card4×addr1,,,3,0,3,0.0,0.0,visa,314.0,
card4×addr1,,,13696,264,13696,1.9276,0.5509,visa,315.0,
card4×addr1,,,1,0,1,0.0,0.0,visa,318.0,
card4×addr1,,,2,0,2,0.0,0.0,visa,321.0,
card4×addr1,,,3,0,3,0.0,0.0,visa,322.0,
card4×addr1,,,1,0,1,0.0,0.0,visa,323.0,
card4×addr1,,,1716,76,1716,4.4289,1.2658,visa,324.0,
card4×addr1,,,27298,712,27298,2.6082,0.7454,visa,325.0,
card4×addr1,,,1,0,1,0.0,0.0,visa,326.0,
card4×addr1,,,4776,106,4776,2.2194,0.6343,visa,327.0,
card4×addr1,,,1,0,1,0.0,0.0,visa,329.0,
card4×addr1,,,17078,552,17078,3.2322,0.9237,visa,330.0,
card4×addr1,,,1,0,1,0.0,0.0,visa,331.0,
card4×addr1,,,10,0,10,0.0,0.0,visa,332.0,
card4×addr1,,,10565,331,10565,3.133,0.8954,visa,337.0,
card4×addr1,,,1,0,1,0.0,0.0,visa,338.0,
card4×addr1,,,1,0,1,0.0,0.0,visa,340.0,
card4×addr1,,,3,0,3,0.0,0.0,visa,341.0,
card4×addr1,,,1065,24,1065,2.2535,0.644,visa,343.0,
card4×addr1,,,6,0,6,0.0,0.0,visa,346.0,
card4×addr1,,,60,6,60,10.0,2.858,visa,348.0,
card4×addr1,,,3,0,3,0.0,0.0,visa,349.0,
card4×addr1,,,2,0,2,0.0,0.0,visa,351.0,
card4×addr1,,,1,0,1,0.0,0.0,visa,353.0,
card4×addr1,,,57,12,57,21.0526,6.0167,visa,356.0,
card4×addr1,,,1,0,1,0.0,0.0,visa,358.0,
card4×addr1,,,11,1,11,9.0909,2.5981,visa,359.0,
card4×addr1,,,4,0,4,0.0,0.0,visa,360.0,
card4×addr1,,,1,0,1,0.0,0.0,visa,361.0,
card4×addr1,,,1,0,1,0.0,0.0,visa,365.0,
card4×addr1,,,6,0,6,0.0,0.0,visa,366.0,
card4×addr1,,,1,0,1,0.0,0.0,visa,368.0,
card4×addr1,,,2,0,2,0.0,0.0,visa,369.0,
card4×addr1,,,3,0,3,0.0,0.0,visa,371.0,
card4×addr1,,,2,0,2,0.0,0.0,visa,372.0,
card4×addr1,,,8,1,8,12.5,3.5724,visa,374.0,
card4×addr1,,,11,0,11,0.0,0.0,visa,375.0,
card4×addr1,,,1,0,1,0.0,0.0,visa,376.0,
card4×addr1,,,1,0,1,0.0,0.0,visa,379.0,
card4×addr1,,,1,0,1,0.0,0.0,visa,381.0,
card4×addr1,,,1,0,1,0.0,0.0,visa,382.0,
card4×addr1,,,1141,40,1141,3.5057,1.0019,visa,384.0,
card4×addr1,,,1,0,1,0.0,0.0,visa,385.0,
card4×addr1,,,1,0,1,0.0,0.0,visa,386.0,
card4×addr1,,,5127,109,5127,2.126,0.6076,visa,387.0,
card4×addr1,,,20,9,20,45.0,12.8608,visa,391.0,
card4×addr1,,,6,0,6,0.0,0.0,visa,393.0,
card4×addr1,,,2,0,2,0.0,0.0,visa,396.0,
card4×addr1,,,2,1,2,50.0,14.2898,visa,399.0,
card4×addr1,,,1,0,1,0.0,0.0,visa,400.0,
card4×addr1,,,2,0,2,0.0,0.0,visa,403.0,
card4×addr1,,,5,0,5,0.0,0.0,visa,404.0,
card4×addr1,,,1,0,1,0.0,0.0,visa,406.0,
card4×addr1,,,5,0,5,0.0,0.0,visa,408.0,
card4×addr1,,,4,0,4,0.0,0.0,visa,409.0,
card4×addr1,,,30,0,30,0.0,0.0,visa,410.0,
card4×addr1,,,10,0,10,0.0,0.0,visa,411.0,
card4×addr1,,,1,0,1,0.0,0.0,visa,417.0,
card4×addr1,,,79,5,79,6.3291,1.8088,visa,418.0,
card4×addr1,,,2839,106,2839,3.7337,1.0671,visa,420.0,
card4×addr1,,,1,0,1,0.0,0.0,visa,425.0,
card4×addr1,,,24,5,24,20.8333,5.9541,visa,426.0,
card4×addr1,,,953,23,953,2.4134,0.6897,visa,428.0,
card4×addr1,,,3,0,3,0.0,0.0,visa,429.0,
card4×addr1,,,3,0,3,0.0,0.0,visa,430.0,
card4×addr1,,,15,0,15,0.0,0.0,visa,431.0,
card4×addr1,,,20,8,20,40.0,11.4318,visa,432.0,
card4×addr1,,,5398,94,5398,1.7414,0.4977,visa,433.0,
card4×addr1,,,1,0,1,0.0,0.0,visa,434.0,
card4×addr1,,,5,0,5,0.0,0.0,visa,435.0,
card4×addr1,,,1999,23,1999,1.1506,0.3288,visa,436.0,
card4×addr1,,,15073,412,15073,2.7334,0.7812,visa,441.0,
card4×addr1,,,19,0,19,0.0,0.0,visa,443.0,
card4×addr1,,,1435,14,1435,0.9756,0.2788,visa,444.0,
card4×addr1,,,3,0,3,0.0,0.0,visa,445.0,
card4×addr1,,,1,0,1,0.0,0.0,visa,446.0,
card4×addr1,,,440,11,440,2.5,0.7145,visa,448.0,
card4×addr1,,,3,0,3,0.0,0.0,visa,452.0,
card4×addr1,,,15,2,15,13.3333,3.8106,visa,453.0,
card4×addr1,,,3,0,3,0.0,0.0,visa,456.0,
card4×addr1,,,1,0,1,0.0,0.0,visa,457.0,
card4×addr1,,,1,0,1,0.0,0.0,visa,458.0,
card4×addr1,,,7,0,7,0.0,0.0,visa,459.0,
card4×addr1,,,1,0,1,0.0,0.0,visa,464.0,
card4×addr1,,,299,25,299,8.3612,2.3896,visa,465.0,
card4×addr1,,,1,1,1,100.0,28.5796,visa,466.0,
card4×addr1,,,1,0,1,0.0,0.0,visa,467.0,
card4×addr1,,,2303,57,2303,2.475,0.7073,visa,469.0,
card4×addr1,,,2,0,2,0.0,0.0,visa,470.0,
card4×addr1,,,4772,147,4772,3.0805,0.8804,visa,472.0,
card4×addr1,,,6893,228,6893,3.3077,0.9453,visa,476.0,
card4×addr1,,,6,0,6,0.0,0.0,visa,478.0,
card4×addr1,,,5,3,5,60.0,17.1478,visa,479.0,
card4×addr1,,,6,0,6,0.0,0.0,visa,482.0,
card4×addr1,,,17,9,17,52.9412,15.1304,visa,483.0,
card4×addr1,,,3991,75,3991,1.8792,0.5371,visa,485.0,
card4×addr1,,,22,0,22,0.0,0.0,visa,486.0,
card4×addr1,,,1,0,1,0.0,0.0,visa,488.0,
card4×addr1,,,1,0,1,0.0,0.0,visa,489.0,
card4×addr1,,,5,0,5,0.0,0.0,visa,491.0,
card4×addr1,,,678,3,678,0.4425,0.1265,visa,492.0,
card4×addr1,,,3671,30,3671,0.8172,0.2336,visa,494.0,
card4×addr1,,,4,0,4,0.0,0.0,visa,496.0,
card4×addr1,,,2854,128,2854,4.4849,1.2818,visa,498.0,
card4×addr1,,,8,0,8,0.0,0.0,visa,499.0,
card4×addr1,,,2,0,2,0.0,0.0,visa,500.0,
card4×addr1,,,3,2,3,66.6667,19.0531,visa,501.0,
card4×addr1,,,438,13,438,2.968,0.8482,visa,502.0,
card4×addr1,,,1,0,1,0.0,0.0,visa,503.0,
card4×addr1,,,4,0,4,0.0,0.0,visa,504.0,
card4×addr1,,,1,0,1,0.0,0.0,visa,507.0,
card4×addr1,,,43,3,43,6.9767,1.9939,visa,508.0,
card4×addr1,,,1,0,1,0.0,0.0,visa,509.0,
card4×addr1,,,91,3,91,3.2967,0.9422,visa,511.0,
card4×addr1,,,6185,227,6185,3.6702,1.0489,visa,512.0,
card4×addr1,,,2,0,2,0.0,0.0,visa,515.0,
card4×addr1,,,1,0,1,0.0,0.0,visa,516.0,
card4×addr1,,,2,0,2,0.0,0.0,visa,517.0,
card4×addr1,,,1,0,1,0.0,0.0,visa,519.0,
card4×addr1,,,12,0,12,0.0,0.0,visa,520.0,
card4×addr1,,,6,0,6,0.0,0.0,visa,521.0,
card4×addr1,,,1,0,1,0.0,0.0,visa,522.0,
card4×addr1,,,1,0,1,0.0,0.0,visa,523.0,
card4×addr1,,,1,0,1,0.0,0.0,visa,526.0,
card4×addr1,,,3,0,3,0.0,0.0,visa,527.0,
card4×addr1,,,5,0,5,0.0,0.0,visa,529.0,
card4×addr1,,,1,0,1,0.0,0.0,visa,530.0,
card4×addr1,,,2,0,2,0.0,0.0,visa,535.0,
card4×addr1,,,213,42,213,19.7183,5.6354,visa,536.0,
card4×addr1,,,5,0,5,0.0,0.0,visa,540.0,
amt_bin×card6,Very Low,,3,0,3,0.0,0.0,,,charge card
amt_bin×card6,Very Low,,8706,1177,8706,13.5194,3.8638,,,credit
amt_bin×card6,Very Low,,21084,1120,21084,5.3121,1.5182,,,debit
amt_bin×card6,Low,,9,0,9,0.0,0.0,,,charge card
amt_bin×card6,Low,,72264,4649,72264,6.4334,1.8386,,,credit
amt_bin×card6,Low,,265656,5652,265656,2.1276,0.6081,,,debit
amt_bin×card6,Low,,16,0,16,0.0,0.0,,,debit or credit
amt_bin×card6,Medium,,3,0,3,0.0,0.0,,,charge card
amt_bin×card6,Medium,,57085,3501,57085,6.133,1.7528,,,credit
amt_bin×card6,Medium,,141329,3518,141329,2.4892,0.7114,,,debit
amt_bin×card6,Medium,,13,0,13,0.0,0.0,,,debit or credit
amt_bin×card6,High,,9847,608,9847,6.1745,1.7646,,,credit
amt_bin×card6,High,,10925,357,10925,3.2677,0.9339,,,debit
amt_bin×card6,High,,1,0,1,0.0,0.0,,,debit or credit
amt_bin×card6,Very High,,1084,15,1084,1.3838,0.3955,,,credit
amt_bin×card6,Very High,,944,27,944,2.8602,0.8174,,,debit
