feature_name,count,mean,std,min,25%,50%,75%,max,skewness,kurtosis,outlier_percentage
V1,311253.0,0.9999454021453857,0.007390005048364401,0.0,1.0,1.0,1.0,1.0,-135.3003,18304.295,0.0055
V2,311253.0,1.0452044010162354,0.24000810086727142,0.0,1.0,1.0,1.0,8.0,6.7569,65.1371,3.9707
V3,311253.0,1.0780746936798096,0.3205927908420563,0.0,1.0,1.0,1.0,9.0,5.3752,42.1572,6.6409
V4,311253.0,0.8464561104774475,0.43983104825019836,0.0,1.0,1.0,1.0,6.0,-0.433,3.2548,20.804
V5,311253.0,0.8769907355308533,0.47619563341140747,0.0,1.0,1.0,1.0,6.0,0.2313,5.4962,21.9661
V6,311253.0,1.0456863641738892,0.23923403024673462,0.0,1.0,1.0,1.0,9.0,6.7067,66.6533,4.0565
V7,311253.0,1.0728700160980225,0.3048744797706604,0.0,1.0,1.0,1.0,9.0,5.4988,45.7828,6.3511
V8,311253.0,1.027704119682312,0.18632954359054565,0.0,1.0,1.0,1.0,8.0,8.5905,109.2126,2.5018
V9,311253.0,1.0415289402008057,0.22666136920452118,0.0,1.0,1.0,1.0,8.0,6.9269,71.5495,3.7359
V10,311253.0,0.4639151990413666,0.522200345993042,0.0,0.0,0.0,1.0,4.0,0.4188,-1.0569,0.0601
V11,311253.0,0.47898656129837036,0.5520845651626587,0.0,0.0,0.0,1.0,5.0,0.7366,0.5823,0.257
V12,514467.0,0.5597113370895386,0.510737955570221,0.0,0.0,1.0,1.0,3.0,-0.0696,-1.5244,0.0233
V13,514467.0,0.5991657376289368,0.532856285572052,0.0,0.0,1.0,1.0,6.0,0.0766,-0.7059,0.0797
V14,514467.0,0.9995004534721375,0.02233973518013954,0.0,1.0,1.0,1.0,1.0,-44.7083,1996.837,0.05
V15,514467.0,0.12234215438365936,0.3329765200614929,0.0,0.0,0.0,0.0,7.0,2.5871,8.4598,12.1275
V16,514467.0,0.1234598159790039,0.34335067868232727,0.0,0.0,0.0,0.0,15.0,3.8332,54.5392,12.132
V17,514467.0,0.13403970003128052,0.36515793204307556,0.0,0.0,0.0,0.0,15.0,3.7941,41.8217,12.954
V18,514467.0,0.1353633999824524,0.37201520800590515,0.0,0.0,0.0,0.0,15.0,4.0078,44.3848,12.96
V19,514467.0,0.8163711428642273,0.4252279996871948,0.0,1.0,1.0,1.0,7.0,-0.8777,2.0813,21.1485
V20,514467.0,0.8478425145149231,0.45967984199523926,0.0,1.0,1.0,1.0,15.0,0.2513,15.4434,21.8747
V21,514467.0,0.1296837329864502,0.3386804759502411,0.0,0.0,0.0,0.0,5.0,2.308,3.9388,12.8768
V22,514467.0,0.1322922557592392,0.3582981824874878,0.0,0.0,0.0,0.0,8.0,3.634,31.6573,12.8836
V23,514467.0,1.034791350364685,0.24823111295700073,0.0,1.0,1.0,1.0,13.0,12.1166,262.6732,3.0523
V24,514467.0,1.058097004890442,0.305876225233078,0.0,1.0,1.0,1.0,13.0,9.0865,154.103,5.0516
V25,514467.0,0.9776603579521179,0.1854880154132843,0.0,1.0,1.0,1.0,7.0,-2.6481,32.7276,3.3483
V26,514467.0,0.988040030002594,0.2090112417936325,0.0,1.0,1.0,1.0,13.0,2.6869,153.454,3.7608
V27,514467.0,0.0007755599217489362,0.028585540130734444,0.0,0.0,0.0,0.0,4.0,40.5671,2088.4993,0.076
V28,514467.0,0.0008299851906485856,0.03112197294831276,0.0,0.0,0.0,0.0,4.0,42.8853,2266.344,0.0766
V29,514467.0,0.38784024119377136,0.5105062127113342,0.0,0.0,0.0,1.0,5.0,0.7744,-0.3771,0.0797
V30,514467.0,0.40643617510795593,0.5548192858695984,0.0,0.0,0.0,1.0,9.0,1.2828,3.5313,0.3172
V31,514467.0,0.14076121151447296,0.35549765825271606,0.0,0.0,0.0,0.0,7.0,2.4384,7.7969,13.8827
V32,514467.0,0.1424172967672348,0.3677394688129425,0.0,0.0,0.0,0.0,15.0,3.5309,43.5678,13.888
V33,514467.0,0.13069254159927368,0.3399873971939087,0.0,0.0,0.0,0.0,7.0,2.3374,4.5511,12.9645
V34,514467.0,0.13915371894836426,0.35778889060020447,0.0,0.0,0.0,0.0,13.0,2.9522,23.4433,13.6992
V35,421571.0,0.5425942540168762,0.5168759822845459,0.0,0.0,1.0,1.0,3.0,0.0359,-1.4622,0.0211
V36,421571.0,0.5791978240013123,0.53974848985672,0.0,0.0,1.0,1.0,5.0,0.1814,-0.7217,0.1203
V37,421571.0,1.108064889907837,0.6915265917778015,0.0,1.0,1.0,1.0,54.0,22.6304,1040.8173,6.2488
V38,421571.0,1.1623996496200562,0.8604246973991394,0.0,1.0,1.0,1.0,54.0,18.3592,625.8419,9.3645
V39,421571.0,0.1660764068365097,0.4527662992477417,0.0,0.0,0.0,0.0,15.0,5.9516,92.6619,15.081
V40,421571.0,0.17714454233646393,0.5057674646377563,0.0,0.0,0.0,0.0,24.0,6.6453,106.5484,15.1182
V41,421571.0,0.999269425868988,0.027010273188352585,0.0,1.0,1.0,1.0,1.0,-36.956,1363.7542,0.0731
V42,421571.0,0.15611842274665833,0.3819635808467865,0.0,0.0,0.0,0.0,8.0,2.4411,7.2945,14.9754
V43,421571.0,0.16894188523292542,0.4333536922931671,0.0,0.0,0.0,0.0,8.0,3.0941,14.1078,15.0176
V44,421571.0,1.0838909149169922,0.6378093361854553,0.0,1.0,1.0,1.0,48.0,29.0395,1342.66,5.6735
V45,421571.0,1.1207791566848755,0.7300524115562439,0.0,1.0,1.0,1.0,48.0,23.2186,886.2707,8.1941
V46,421571.0,1.0222856998443604,0.1671934872865677,0.0,1.0,1.0,1.0,6.0,7.7628,84.5931,2.2117
V47,421571.0,1.0385154485702515,0.23251453042030334,0.0,1.0,1.0,1.0,12.0,10.0419,243.065,3.5705
V48,421571.0,0.3831738829612732,0.5090146660804749,0.0,0.0,0.0,1.0,5.0,0.7674,-0.5403,0.0697
V49,421571.0,0.3977242410182953,0.5414194464683533,0.0,0.0,0.0,1.0,5.0,1.1254,1.7742,0.2268
V50,421571.0,0.16474567353725433,0.3743216097354889,0.0,0.0,0.0,0.0,5.0,1.911,2.3701,16.3885
V51,421571.0,0.17057862877845764,0.40307721495628357,0.0,0.0,0.0,0.0,6.0,2.4138,6.9758,16.1418
V52,421571.0,0.182695209980011,0.43931087851524353,0.0,0.0,0.0,0.0,12.0,3.2988,28.5571,16.6838
V53,513444.0,0.5775858759880066,0.5121671557426453,0.0,0.0,1.0,1.0,5.0,-0.0935,-1.3244,0.0304
V54,513444.0,0.6199819445610046,0.5332909226417542,0.0,0.0,1.0,1.0,6.0,0.0894,-0.3404,0.1356
V55,513444.0,1.067670464515686,0.3913706839084625,0.0,1.0,1.0,1.0,17.0,10.4216,169.7514,4.7142
V56,513444.0,1.1209790706634521,0.6616382002830505,0.0,1.0,1.0,1.0,51.0,23.5567,1118.0946,7.9354
V57,513444.0,0.12831194698810577,0.34841522574424744,0.0,0.0,0.0,0.0,6.0,2.6776,7.6846,12.3941
V58,513444.0,0.1324526071548462,0.37171071767807007,0.0,0.0,0.0,0.0,10.0,3.7931,31.962,12.4345
V59,513444.0,0.13443335890769958,0.37984704971313477,0.0,0.0,0.0,0.0,16.0,4.3801,55.3741,12.6222
V60,513444.0,0.142537459731102,0.41847801208496094,0.0,0.0,0.0,0.0,16.0,4.9929,59.108,12.6742
V61,513444.0,0.8297847509384155,0.43664082884788513,0.0,1.0,1.0,1.0,6.0,-0.5947,2.7215,21.2802
V62,513444.0,0.8675629496574402,0.4824810028076172,0.0,1.0,1.0,1.0,10.0,0.6064,11.0828,22.3843
V63,513444.0,0.13074259459972382,0.35438722372055054,0.0,0.0,0.0,0.0,7.0,2.829,10.8255,12.5589
V64,513444.0,0.1418246179819107,0.4064856171607971,0.0,0.0,0.0,0.0,7.0,3.8474,25.316,12.6172
V65,513444.0,0.9996630549430847,0.01834985241293907,0.0,1.0,1.0,1.0,1.0,-54.4509,2962.9136,0.0337
V66,513444.0,0.9810378551483154,0.21586979925632477,0.0,1.0,1.0,1.0,7.0,-0.8142,29.5515,4.4143
V67,513444.0,0.9981205463409424,0.24590519070625305,0.0,1.0,1.0,1.0,8.0,1.326,32.0673,5.2561
V68,513444.0,0.0005336512112990022,0.023753952234983444,0.0,0.0,0.0,0.0,2.0,46.6884,2351.7954,0.0518
V69,513444.0,0.39020028710365295,0.5131876468658447,0.0,0.0,0.0,1.0,5.0,0.7948,-0.2597,0.096
V70,513444.0,0.40792375802993774,0.5543841123580933,0.0,0.0,0.0,1.0,6.0,1.2288,2.6514,0.3364
V71,513444.0,0.14063851535320282,0.364236980676651,0.0,0.0,0.0,0.0,6.0,2.5562,7.154,13.56
V72,513444.0,0.1451239138841629,0.38880056142807007,0.0,0.0,0.0,0.0,10.0,3.6107,28.5901,13.6009
V73,513444.0,0.1399821639060974,0.3672165870666504,0.0,0.0,0.0,0.0,7.0,2.6464,8.1394,13.3721
V74,513444.0,0.1521470695734024,0.3935275077819824,0.0,0.0,0.0,0.0,8.0,2.8131,10.5998,14.1332
V75,501376.0,0.5442781448364258,0.5153036117553711,0.0,0.0,1.0,1.0,4.0,0.0177,-1.4625,0.0301
V76,501376.0,0.5875570178031921,0.5385186076164246,0.0,0.0,1.0,1.0,6.0,0.176,-0.5133,0.1386
V77,501376.0,1.08689284324646,0.5325122475624084,0.0,1.0,1.0,1.0,30.0,13.2327,297.5111,5.3736
V78,501376.0,1.1444624662399292,0.7809887528419495,0.0,1.0,1.0,1.0,31.0,15.2702,355.2057,8.6683
V79,501376.0,0.13686734437942505,0.380280464887619,0.0,0.0,0.0,0.0,7.0,3.8869,32.7042,12.8794
V80,501376.0,0.1439538449048996,0.4104078412055969,0.0,0.0,0.0,0.0,19.0,5.6879,95.4909,13.2922
V81,501376.0,0.15269577503204346,0.4525054097175598,0.0,0.0,0.0,0.0,19.0,5.9424,85.3996,13.308
V82,501376.0,0.8446096181869507,0.4219515919685364,0.0,1.0,1.0,1.0,7.0,-0.7118,2.8577,19.6986
V83,501376.0,0.8819648623466492,0.4719190299510956,0.0,1.0,1.0,1.0,7.0,0.561,10.6441,20.8939
V84,501376.0,0.13714458048343658,0.36265066266059875,0.0,0.0,0.0,0.0,7.0,2.7138,10.0405,13.1897
V85,501376.0,0.1497877836227417,0.41993167996406555,0.0,0.0,0.0,0.0,7.0,3.742,23.232,13.2182
V86,501376.0,1.0648853778839111,0.4207763671875,0.0,1.0,1.0,1.0,30.0,16.9305,547.1437,4.8796
V87,501376.0,1.0994563102722168,0.5106638073921204,0.0,1.0,1.0,1.0,30.0,14.8045,405.0732,7.5129
V88,501376.0,0.9992460608482361,0.027437403798103333,0.0,1.0,1.0,1.0,1.0,-36.3786,1321.4054,0.0754
V89,501376.0,0.000901519029866904,0.031930845230817795,0.0,0.0,0.0,0.0,2.0,38.5888,1663.0986,0.0842
V90,501376.0,0.40186208486557007,0.5170817375183105,0.0,0.0,0.0,1.0,5.0,0.7425,-0.3376,0.0909
V91,501376.0,0.42046087980270386,0.5615558624267578,0.0,0.0,0.0,1.0,6.0,1.2463,3.0476,0.3291
V92,501376.0,0.1503223180770874,0.37652477622032166,0.0,0.0,0.0,0.0,7.0,2.5271,8.0637,14.4955
V93,501376.0,0.15481196343898773,0.40183067321777344,0.0,0.0,0.0,0.0,7.0,3.5892,27.4852,14.4965
V94,501376.0,0.1370069533586502,0.3446691334247589,0.0,0.0,0.0,0.0,2.0,2.1119,2.4625,13.6999
V95,590226.0,1.0380192995071411,21.0329532623291,0.0,0.0,0.0,0.0,880.0,30.2421,991.7738,13.5006
V96,590226.0,3.0051894187927246,40.2353401184082,0.0,0.0,0.0,1.0,1410.0,26.0292,728.4514,13.7922
V97,590226.0,1.71893310546875,27.698122024536133,0.0,0.0,0.0,0.0,976.0,25.3236,689.4806,23.0442
V98,590226.0,0.06198473274707794,0.2850525677204132,0.0,0.0,0.0,0.0,12.0,6.3882,69.8311,5.3546
V99,590226.0,0.8949859738349915,2.719714403152466,0.0,0.0,0.0,1.0,88.0,11.064,214.7354,10.1105
V100,590226.0,0.27350372076034546,0.9458988904953003,0.0,0.0,0.0,0.0,28.0,8.7351,128.2279,15.8758
V101,590226.0,0.8892492055892944,20.581689834594727,0.0,0.0,0.0,0.0,869.0,30.6312,1015.5787,5.7625
V102,590226.0,1.8272289037704468,35.92644500732422,0.0,0.0,0.0,0.0,1285.0,26.9902,780.8922,9.1939
V103,590226.0,1.2792879343032837,25.684072494506836,0.0,0.0,0.0,0.0,928.0,26.0312,731.1694,7.1978
V104,590226.0,0.08543337881565094,0.648590624332428,0.0,0.0,0.0,0.0,15.0,14.8838,266.031,4.5235
V105,590226.0,0.2811448574066162,3.3739778995513916,0.0,0.0,0.0,0.0,99.0,20.8914,463.3048,7.1966
V106,590226.0,0.16458441317081451,1.8247755765914917,0.0,0.0,0.0,0.0,55.0,19.4855,403.9864,5.4474
V107,590226.0,0.9995798468589783,0.020492875948548317,0.0,1.0,1.0,1.0,1.0,-48.754,2374.9644,0.042
V108,590226.0,1.0046135187149048,0.08102692663669586,0.0,1.0,1.0,1.0,7.0,17.8241,587.0112,0.5056
V109,590226.0,1.014816403388977,0.12742236256599426,0.0,1.0,1.0,1.0,7.0,9.7268,136.4216,1.4442
V110,590226.0,1.0077394247055054,0.09705860912799835,0.0,1.0,1.0,1.0,7.0,13.7511,315.8548,0.7904
V111,590226.0,1.0025634765625,0.07078608870506287,0.0,1.0,1.0,1.0,9.0,31.7075,2074.1072,0.2926
V112,590226.0,1.0053555965423584,0.08446446061134338,0.0,1.0,1.0,1.0,9.0,23.1461,1056.9551,0.5071
V113,590226.0,1.0033833980560303,0.07468484342098236,0.0,1.0,1.0,1.0,9.0,28.9651,1690.0454,0.3487
V114,590226.0,1.0092980861663818,0.10996045917272568,0.0,1.0,1.0,1.0,6.0,13.0597,271.8393,0.9383
V115,590226.0,1.0324503183364868,0.19067297875881195,0.0,1.0,1.0,1.0,6.0,6.5888,56.2703,3.0675
V116,590226.0,1.0157380104064941,0.13683277368545532,0.0,1.0,1.0,1.0,6.0,9.7861,139.4322,1.5306
V117,590226.0,1.0003913640975952,0.035236332565546036,0.0,1.0,1.0,1.0,3.0,9.3756,828.3792,0.1232
V118,590226.0,1.0014740228652954,0.04098665714263916,0.0,1.0,1.0,1.0,3.0,21.5562,603.5962,0.1674
V119,590226.0,1.0007284879684448,0.03638513386249542,0.0,1.0,1.0,1.0,3.0,15.4775,774.3174,0.1315
V120,590226.0,1.0008742809295654,0.04167524352669716,0.0,1.0,1.0,1.0,3.0,12.8497,612.105,0.1708
V121,590226.0,1.0042762756347656,0.06702136993408203,0.0,1.0,1.0,1.0,3.0,14.3691,228.3768,0.4459
V122,590226.0,1.0017586946487427,0.04860633984208107,0.0,1.0,1.0,1.0,3.0,15.7078,439.8226,0.2338
V123,590226.0,1.0311203002929688,0.2272651493549347,0.0,1.0,1.0,1.0,13.0,12.8755,301.9417,2.6285
V124,590226.0,1.0929745435714722,0.373441219329834,0.0,1.0,1.0,1.0,13.0,6.0875,63.0383,7.4854
V125,590226.0,1.0504145622253418,0.28018903732299805,0.0,1.0,1.0,1.0,13.0,8.9951,146.8877,4.1765
V126,590226.0,129.97943115234375,2346.704833984375,0.0,0.0,0.0,0.0,160000.0,29.5817,963.1819,13.5006
V127,590226.0,336.6116027832031,4238.08837890625,0.0,0.0,0.0,107.94999694824219,160000.0,25.6839,715.2522,13.0006
V128,590226.0,204.09402465820312,3010.003662109375,0.0,0.0,0.0,0.0,160000.0,25.0518,682.5248,23.0442
V129,590226.0,8.768943786621094,113.61348724365234,0.0,0.0,0.0,0.0,55125.0,240.2742,102763.13,5.3546
V130,590226.0,92.16586303710938,315.73175048828125,0.0,0.0,0.0,59.0,55125.0,26.2956,2817.1313,15.6266
V131,590226.0,31.13330078125,161.27407836914062,0.0,0.0,0.0,0.0,55125.0,89.5954,25682.086,15.8758
V132,590226.0,103.51319122314453,2265.9658203125,0.0,0.0,0.0,0.0,93736.0,30.2314,987.2938,5.7625
V133,590226.0,204.88916015625,3795.9248046875,0.0,0.0,0.0,0.0,133915.0,26.8642,775.9556,9.1939
V134,590226.0,145.9723358154297,2772.693115234375,0.0,0.0,0.0,0.0,98476.0,25.9881,728.9306,7.1978
V135,590226.0,17.25012969970703,293.6629333496094,0.0,0.0,0.0,0.0,90750.0,144.8832,31814.572,4.5235
V136,590226.0,38.821197509765625,451.3299560546875,0.0,0.0,0.0,0.0,90750.0,49.022,5840.1743,7.1966
V137,590226.0,26.365089416503906,348.16326904296875,0.0,0.0,0.0,0.0,90750.0,90.5831,16157.962,5.4474
V138,81945.0,0.03643907606601715,0.428229957818985,0.0,0.0,0.0,0.0,22.0,22.5757,706.1708,1.6291
V139,81945.0,1.0739154815673828,1.3342578411102295,0.0,0.0,1.0,1.0,33.0,5.9139,70.1591,7.4989
V140,81945.0,1.1252669095993042,1.467844009399414,0.0,0.0,1.0,1.0,33.0,5.5807,57.6456,8.3861
V141,81945.0,0.03769601508975029,0.2151975780725479,0.0,0.0,0.0,0.0,5.0,6.7482,57.3611,3.3364
V142,81945.0,0.04858136549592018,0.31395167112350464,0.0,0.0,0.0,0.0,9.0,9.9911,139.0167,3.4084
V143,81951.0,8.397005081176758,55.26573181152344,0.0,0.0,0.0,0.0,869.0,10.9993,132.0608,22.0607
V144,81951.0,3.708484411239624,10.493221282958984,0.0,0.0,0.0,0.0,62.0,3.1109,8.817,23.8093
V145,81951.0,22.112945556640625,64.33377075195312,0.0,0.0,0.0,1.0,297.0,3.0162,7.9225,16.9675
V146,81945.0,0.15627555549144745,0.6825249791145325,0.0,0.0,0.0,0.0,24.0,9.9725,190.4744,8.8193
V147,81945.0,0.1686008870601654,0.7504923939704895,0.0,0.0,0.0,0.0,26.0,9.942,171.9426,9.0475
V148,81945.0,0.7650009393692017,0.5814777612686157,0.0,0.0,1.0,1.0,20.0,6.014,153.9179,0.5919
V149,81945.0,0.7753127217292786,0.6283451318740845,0.0,0.0,1.0,1.0,20.0,6.5529,141.2414,0.7749
V150,81951.0,277.5979309082031,830.2623291015625,1.0,1.0,1.0,1.0,3389.0,2.8469,6.4885,17.5617
V151,81951.0,6.4601898193359375,15.237322807312012,1.0,1.0,1.0,1.0,57.0,2.6,4.9297,14.4635
V152,81951.0,9.432709693908691,21.570383071899414,1.0,1.0,1.0,1.0,69.0,2.2025,2.9009,16.9455
V153,81945.0,0.7532002925872803,0.5324906706809998,0.0,0.0,1.0,1.0,18.0,4.7021,135.7032,0.3502
V154,81945.0,0.757422685623169,0.5468352437019348,0.0,0.0,1.0,1.0,18.0,4.7607,125.9878,0.4576
V155,81945.0,0.7673805356025696,0.6027610301971436,0.0,0.0,1.0,1.0,24.0,7.9354,239.8701,0.637
V156,81945.0,0.7774848937988281,0.6470651626586914,0.0,0.0,1.0,1.0,24.0,8.0631,206.8379,0.8115
V157,81945.0,0.8175727725028992,0.6819502711296082,0.0,0.0,1.0,1.0,24.0,6.1295,149.4212,1.3082
V158,81945.0,0.8334614634513855,0.73423832654953,0.0,0.0,1.0,1.0,24.0,6.2258,128.3084,1.6182
V159,81951.0,2719.30029296875,8352.8759765625,0.0,0.0,0.0,0.0,55125.0,3.0468,8.1156,16.5392
V160,81951.0,47453.19140625,142155.015625,0.0,0.0,0.0,0.0,641511.4375,2.9969,7.7077,22.7087
V161,81945.0,4.843937873840332,58.93022537231445,0.0,0.0,0.0,0.0,3300.0,32.794,1461.4562,3.3364
V162,81945.0,6.594661235809326,69.16873168945312,0.0,0.0,0.0,0.0,3300.0,25.2024,899.9147,3.5841
V163,81945.0,5.505955219268799,63.08782196044922,0.0,0.0,0.0,0.0,3300.0,30.2858,1254.5903,3.4084
V164,81951.0,877.8887939453125,6049.17041015625,0.0,0.0,0.0,0.0,93736.0,11.0289,131.339,22.0607
V165,81951.0,2239.911865234375,8223.0205078125,0.0,0.0,0.0,0.0,98476.0,6.8091,58.4826,23.6153
V166,81951.0,359.4693908691406,1244.947021484375,0.0,0.0,0.0,0.0,104060.0,27.3319,1787.372,23.8093
V167,139631.0,3.929514169692993,42.201683044433594,0.0,0.0,0.0,0.0,872.0,14.9486,240.4072,23.9703
V168,139631.0,5.859500885009766,54.03091049194336,0.0,0.0,0.0,1.0,964.0,12.4907,169.2712,9.9684
V169,139819.0,0.16805298626422882,0.9053293466567993,0.0,0.0,0.0,0.0,19.0,8.8409,104.2786,6.3711
V170,139819.0,1.4367790222167969,1.7505415678024292,0.0,1.0,1.0,1.0,48.0,8.98,138.4824,27.3997
V171,139819.0,1.6909074783325195,2.4446308612823486,0.0,1.0,1.0,1.0,61.0,6.724,74.8281,30.7548
V172,139631.0,0.1320122331380844,0.9241222739219666,0.0,0.0,0.0,0.0,31.0,19.5669,480.4092,7.7569
V173,139631.0,0.05523128807544708,0.26426681876182556,0.0,0.0,0.0,0.0,7.0,6.1994,56.6434,4.8435
V174,139819.0,0.1277937889099121,0.37975308299064636,0.0,0.0,0.0,0.0,8.0,3.4929,17.3623,11.4119
V175,139819.0,0.2126391977071762,0.857244610786438,0.0,0.0,0.0,0.0,14.0,6.4454,47.5248,11.6179
V176,139631.0,1.3769793510437012,1.8309681415557861,0.0,1.0,1.0,1.0,48.0,12.1446,202.6252,13.9016
V177,139631.0,3.529244899749756,41.31170654296875,0.0,0.0,0.0,0.0,861.0,15.1479,246.1912,13.3452
V178,139631.0,6.649282932281494,69.45000457763672,0.0,0.0,0.0,0.0,1235.0,13.3014,188.5931,14.8928
V179,139631.0,4.869011878967285,50.491737365722656,0.0,0.0,0.0,0.0,920.0,13.0465,183.2153,14.2826
V180,139819.0,0.9241233468055725,6.1136474609375,0.0,0.0,0.0,0.0,83.0,8.6943,78.8264,12.0685
V181,139631.0,0.2533319890499115,1.2487435340881348,0.0,0.0,0.0,0.0,24.0,8.0832,74.7201,10.1074
V182,139631.0,0.8562425374984741,5.792657375335693,0.0,0.0,0.0,0.0,83.0,9.1533,88.1,11.809
V183,139631.0,0.4846917986869812,2.947047710418701,0.0,0.0,0.0,0.0,41.0,8.8538,82.0896,11.1172
V184,139819.0,0.13236398994922638,0.5435223579406738,0.0,0.0,0.0,0.0,16.0,7.3635,90.2578,8.5568
V185,139819.0,0.17390340566635132,0.6998162865638733,0.0,0.0,0.0,0.0,31.0,9.9417,226.1428,9.8427
V186,139631.0,1.1487993001937866,1.2216359376907349,0.0,1.0,1.0,1.0,38.0,16.5124,338.0506,5.2968
V187,139631.0,1.8437525033950806,9.891545295715332,0.0,1.0,1.0,1.0,218.0,15.6784,266.8909,6.843
V188,139819.0,1.0147547721862793,0.6711085438728333,0.0,1.0,1.0,1.0,30.0,13.0219,324.9349,11.3568
V189,139819.0,1.038313865661621,0.7923769950866699,0.0,1.0,1.0,1.0,30.0,11.7791,226.1876,11.9125
V190,139631.0,1.213083028793335,1.4797698259353638,0.0,1.0,1.0,1.0,42.0,14.565,266.0524,7.7239
V191,139631.0,1.0589840412139893,0.6777975559234619,0.0,1.0,1.0,1.0,21.0,17.7662,370.7417,1.9645
V192,139631.0,1.2373613119125366,2.6368916034698486,0.0,1.0,1.0,1.0,44.0,12.9297,172.1605,2.6047
V193,139631.0,1.149845004081726,1.7164835929870605,0.0,1.0,1.0,1.0,37.0,14.6103,230.3154,2.2968
V194,139819.0,0.9457727670669556,0.304145485162735,0.0,1.0,1.0,1.0,7.0,0.3824,30.3174,8.089
V195,139819.0,0.954226553440094,0.37633761763572693,0.0,1.0,1.0,1.0,16.0,8.795,260.5747,8.2721
V196,139631.0,1.0845800638198853,1.103576898574829,0.0,1.0,1.0,1.0,38.0,20.5643,492.24,1.948
V197,139819.0,0.9493845701217651,0.3370046019554138,0.0,1.0,1.0,1.0,14.0,4.1805,120.8823,8.1534
V198,139819.0,0.9619507789611816,0.49316346645355225,0.0,1.0,1.0,1.0,21.0,15.3332,418.6362,8.2557
V199,139631.0,1.2707493305206299,1.6708766222000122,0.0,1.0,1.0,1.0,45.0,13.7502,237.2386,10.2785
V200,139819.0,1.11997652053833,1.2540336847305298,0.0,1.0,1.0,1.0,45.0,16.5759,392.5887,15.784
V201,139819.0,1.159105658531189,1.419081449508667,0.0,1.0,1.0,1.0,55.0,15.6899,368.9917,16.7409
V202,139631.0,444.1471252441406,4683.9794921875,0.0,0.0,0.0,0.0,104060.0,14.5963,229.6284,23.9703
V203,139631.0,1078.3275146484375,9103.275390625,0.0,0.0,0.0,30.924400329589844,139777.0,10.5634,120.6139,18.4121
V204,139631.0,686.9569091796875,6048.6240234375,0.0,0.0,0.0,20.0,104060.0,11.671,149.582,19.2042
V205,139631.0,18.060415267944336,266.3298034667969,0.0,0.0,0.0,0.0,55125.0,84.9048,14548.311,7.7569
V206,139631.0,6.189359188079834,191.4212188720703,0.0,0.0,0.0,0.0,55125.0,207.8816,54107.105,4.8435
V207,139631.0,72.28408813476562,926.653564453125,0.0,0.0,0.0,0.0,55125.0,21.0153,523.5522,11.8491
V208,139819.0,8.888195991516113,58.966407775878906,0.0,0.0,0.0,0.0,3300.0,25.5231,1009.1319,11.4119
V209,139819.0,35.00187301635742,250.76609802246094,0.0,0.0,0.0,0.0,8050.0,11.9447,196.1733,12.2337
V210,139819.0,14.39183521270752,86.46856689453125,0.0,0.0,0.0,0.0,3300.0,14.6732,334.4376,11.6179
V211,139631.0,385.13702392578125,4542.17529296875,0.0,0.0,0.0,0.0,92888.0,15.0007,240.4581,13.3452
V212,139631.0,765.9884643554688,7496.14599609375,0.0,0.0,0.0,0.0,129006.0,12.6294,173.2872,14.8928
V213,139631.0,536.302734375,5471.56103515625,0.0,0.0,0.0,0.0,97628.0,12.9283,180.349,14.2826
V214,139631.0,38.43754959106445,571.7574462890625,0.0,0.0,0.0,0.0,104060.0,119.1736,18337.17,10.1074
V215,139631.0,133.20822143554688,1040.0657958984375,0.0,0.0,0.0,0.0,104060.0,25.5501,1724.9373,11.809
V216,139631.0,71.10714721679688,679.8096923828125,0.0,0.0,0.0,0.0,104060.0,73.4939,9219.722,11.1172
V217,130430.0,1.054619312286377,9.54729175567627,0.0,0.0,0.0,0.0,303.0,23.7714,620.457,24.6454
V218,130430.0,1.7257839441299438,13.918434143066406,0.0,0.0,0.0,1.0,400.0,19.6611,431.9276,11.4023
V219,130430.0,1.3671318292617798,12.044154167175293,0.0,0.0,0.0,1.0,378.0,22.3323,553.6203,9.3813
V220,141416.0,0.1694716364145279,1.0028353929519653,0.0,0.0,0.0,0.0,25.0,10.3284,143.0262,5.918
V221,141416.0,1.2749123573303223,2.7276508808135986,0.0,1.0,1.0,1.0,384.0,51.3018,5046.043,41.5094
V222,141416.0,1.3590046167373657,2.914532423019409,0.0,1.0,1.0,1.0,384.0,44.0685,3965.2556,43.1931
V223,130430.0,0.09315341711044312,0.4020281136035919,0.0,0.0,0.0,0.0,16.0,11.1884,265.222,7.6018
V224,130430.0,0.39474815130233765,3.4398491382598877,0.0,0.0,0.0,0.0,144.0,29.9512,1071.0472,14.0895
V225,130430.0,0.19175803661346436,1.2891193628311157,0.0,0.0,0.0,0.0,51.0,27.1564,934.0031,10.8158
V226,130430.0,0.24761174619197845,2.756620168685913,0.0,0.0,0.0,0.0,242.0,30.2601,1524.3295,6.1788
V227,141416.0,0.14797477424144745,2.0488576889038086,0.0,0.0,0.0,0.0,360.0,99.4287,12570.239,9.1786
V228,130430.0,1.3519282341003418,1.4100077152252197,0.0,1.0,1.0,1.0,54.0,10.7962,214.3852,14.8463
V229,130430.0,1.638710379600525,4.31861686706543,0.0,1.0,1.0,1.0,176.0,29.3674,1040.2101,20.2584
V230,130430.0,1.4654756784439087,2.1225430965423584,0.0,1.0,1.0,1.0,65.0,15.0141,335.1895,17.3127
V231,130430.0,0.765506386756897,8.87851333618164,0.0,0.0,0.0,0.0,293.0,24.5947,661.455,13.4517
V232,130430.0,1.0055968761444092,10.460111618041992,0.0,0.0,0.0,0.0,337.0,23.1768,597.6742,15.1905
V233,130430.0,0.9083876609802246,10.15018367767334,0.0,0.0,0.0,0.0,332.0,23.8849,626.9624,14.3173
V234,141416.0,2.092846632003784,11.316207885742188,0.0,0.0,0.0,0.0,121.0,6.2915,40.7461,14.8498
V235,130430.0,0.18410642445087433,0.9025765061378479,0.0,0.0,0.0,0.0,23.0,10.8203,153.3403,9.7416
V236,130430.0,0.30766695737838745,2.152574300765991,0.0,0.0,0.0,0.0,45.0,14.894,244.4429,11.3962
V237,130430.0,0.25349995493888855,1.7164489030838013,0.0,0.0,0.0,0.0,39.0,15.576,275.0014,10.5198
V238,141416.0,0.127955824136734,0.5743131041526794,0.0,0.0,0.0,0.0,23.0,10.168,202.0212,7.9609
V239,141416.0,0.13696469366550446,0.6166395545005798,0.0,0.0,0.0,0.0,23.0,10.1858,188.833,8.2756
V240,130430.0,1.000996708869934,0.04951414093375206,0.0,1.0,1.0,1.0,7.0,80.1141,8047.356,0.0767
V241,130430.0,1.0002377033233643,0.0226623322814703,0.0,1.0,1.0,1.0,5.0,91.5206,13100.562,0.0276
V242,130430.0,1.1134631633758545,0.659857988357544,0.0,1.0,1.0,1.0,20.0,11.2311,178.0172,5.9726
V243,130430.0,1.178386926651001,1.398701786994934,0.0,1.0,1.0,1.0,57.0,25.5329,839.3138,7.8088
V244,130430.0,1.1185616254806519,0.6990438103675842,0.0,1.0,1.0,1.0,22.0,11.482,185.2041,6.0163
V245,141416.0,0.8766193389892578,1.8195661306381226,0.0,1.0,1.0,1.0,262.0,76.5133,8100.603,27.1688
V246,130430.0,1.1837230920791626,1.039871335029602,0.0,1.0,1.0,1.0,45.0,14.5288,346.3172,8.4766
V247,130430.0,1.0253546237945557,0.2814072072505951,0.0,1.0,1.0,1.0,18.0,25.7905,986.2315,1.7251
V248,130430.0,1.0694931745529175,0.88986736536026,0.0,1.0,1.0,1.0,36.0,33.6034,1253.0898,3.7384
V249,130430.0,1.0428506135940552,0.5287232398986816,0.0,1.0,1.0,1.0,22.0,29.5541,1016.7662,2.4787
V250,141416.0,0.788588285446167,0.4884299635887146,0.0,1.0,1.0,1.0,18.0,3.3583,107.1064,24.0638
V251,141416.0,0.7942311763763428,0.5013705492019653,0.0,1.0,1.0,1.0,18.0,3.4837,101.2573,24.3848
V252,130430.0,1.0320478677749634,0.38949573040008545,0.0,1.0,1.0,1.0,24.0,26.3399,950.8004,1.7205
V253,130430.0,1.1621636152267456,3.609332323074341,0.0,1.0,1.0,1.0,163.0,39.2238,1586.3289,4.0849
V254,130430.0,1.07511305809021,1.3556586503982544,0.0,1.0,1.0,1.0,60.0,36.5276,1434.0994,2.6328
V255,141416.0,0.8066555261611938,0.9394614696502686,0.0,1.0,1.0,1.0,87.0,43.9364,3068.932,24.2462
V256,141416.0,0.8149502277374268,0.9693775177001953,0.0,1.0,1.0,1.0,87.0,41.8298,2823.3467,24.5694
V257,130430.0,1.2509928941726685,1.2998876571655273,0.0,1.0,1.0,1.0,48.0,13.3507,272.9021,11.1899
V258,130430.0,1.3435099124908447,2.01743483543396,0.0,1.0,1.0,1.0,66.0,17.4252,416.4541,13.3995
V259,141416.0,0.9678325057029724,2.1132888793945312,0.0,1.0,1.0,1.0,285.0,60.7479,5824.2656,31.0736
V260,130430.0,0.9644253849983215,0.3797810673713684,0.0,1.0,1.0,1.0,8.0,1.6877,23.2623,10.8702
V261,130430.0,1.1071609258651733,1.324241280555725,0.0,1.0,1.0,1.0,49.0,20.7365,604.482,15.2342
V262,130430.0,1.0132791996002197,0.6253352165222168,0.0,1.0,1.0,1.0,20.0,10.7461,222.7478,12.8245
V263,130430.0,117.3906478881836,1294.9769287109375,0.0,0.0,0.0,0.0,153600.0,38.6888,2770.8762,24.6454
V264,130430.0,201.65760803222656,2283.87255859375,0.0,0.0,0.0,33.59349822998047,153600.0,24.497,757.5524,17.9943
V265,130430.0,153.5205535888672,1605.7352294921875,0.0,0.0,0.0,20.897525787353516,153600.0,28.0914,1356.925,19.0439
V266,130430.0,9.167839050292969,207.93667602539062,0.0,0.0,0.0,0.0,55125.0,175.9588,41661.637,7.6018
V267,130430.0,36.52509689331055,644.0283813476562,0.0,0.0,0.0,0.0,55125.0,38.0068,1643.9288,14.0895
V268,130430.0,18.81340789794922,311.1356506347656,0.0,0.0,0.0,0.0,55125.0,69.1654,8841.491,10.8158
V269,130430.0,5.9975080490112305,207.289794921875,0.0,0.0,0.0,0.0,55125.0,177.839,42255.38,1.666
V270,141416.0,7.71276330947876,65.53182220458984,0.0,0.0,0.0,0.0,4000.0,32.7666,1559.3729,9.0386
V271,141416.0,9.445134162902832,74.06076049804688,0.0,0.0,0.0,0.0,4000.0,26.4463,1044.5466,9.4402
V272,141416.0,8.464571952819824,69.68437957763672,0.0,0.0,0.0,0.0,4000.0,29.5688,1285.133,9.1786
V273,130430.0,73.82555389404297,935.283447265625,0.0,0.0,0.0,0.0,51200.0,23.6596,641.7026,13.4517
V274,130430.0,107.15164184570312,1258.85791015625,0.0,0.0,0.0,0.0,66000.0,20.1499,463.5627,15.1905
V275,130430.0,88.89993286132812,1072.7890625,0.0,0.0,0.0,0.0,51200.0,21.9318,544.3694,14.3173
V276,130430.0,31.79727554321289,615.4129028320312,0.0,0.0,0.0,0.0,104060.0,108.718,15015.94,9.7416
V277,130430.0,51.95664596557617,732.0198364257812,0.0,0.0,0.0,0.0,104060.0,69.3696,7612.28,11.3962
V278,130430.0,42.328224182128906,660.4929809570312,0.0,0.0,0.0,0.0,104060.0,90.2836,11412.28,10.5198
V279,590528.0,1.1230610609054565,21.02031898498535,0.0,0.0,0.0,0.0,880.0,30.2385,992.6155,16.6561
V280,590528.0,1.9670820236206055,27.849977493286133,0.0,0.0,0.0,1.0,975.0,24.7816,668.118,7.5038
V281,589271.0,0.08778303861618042,0.5119250416755676,0.0,0.0,0.0,0.0,22.0,10.0111,151.7655,4.7635
V282,589271.0,0.8171706795692444,0.9204700589179993,0.0,0.0,1.0,1.0,32.0,3.8312,41.2813,3.8127
V283,589271.0,0.9911144375801086,1.5597890615463257,0.0,0.0,1.0,1.0,68.0,12.3967,380.1082,7.0256
V284,590528.0,0.08854279667139053,0.3384179472923279,0.0,0.0,0.0,0.0,12.0,5.2957,48.0616,7.6162
V285,590528.0,1.167660117149353,3.2824652194976807,0.0,0.0,0.0,1.0,95.0,12.2903,249.5814,13.4507
V286,590528.0,0.03149215504527092,0.19158534705638885,0.0,0.0,0.0,0.0,8.0,7.5933,92.9125,2.9191
V287,590528.0,0.3585790991783142,1.0780048370361328,0.0,0.0,0.0,0.0,31.0,8.8404,139.8934,20.9414
V288,589271.0,0.18434982001781464,0.4301186800003052,0.0,0.0,0.0,0.0,10.0,2.5548,9.9974,16.9073
V289,589271.0,0.23597462475299835,0.6004223227500916,0.0,0.0,0.0,0.0,12.0,3.5099,18.4,17.3431
V290,590528.0,1.1030112504959106,0.7674338221549988,1.0,1.0,1.0,1.0,67.0,34.5723,1814.0692,6.547
V291,590528.0,1.65981125831604,16.24045181274414,1.0,1.0,1.0,1.0,1055.0,50.1582,2579.6797,21.6076
V292,590528.0,1.2399158477783203,3.7681727409362793,1.0,1.0,1.0,1.0,323.0,51.2282,2855.2146,11.579
V293,590528.0,0.942598819732666,20.587661743164062,0.0,0.0,0.0,0.0,869.0,30.5823,1013.5345,7.4655
V294,590528.0,2.3138632774353027,39.514312744140625,0.0,0.0,0.0,0.0,1286.0,23.8537,609.1415,12.0426
V295,590528.0,1.4334239959716797,25.960126876831055,0.0,0.0,0.0,0.0,928.0,25.3409,700.7489,9.3906
V296,589271.0,0.3289165794849396,3.264509916305542,0.0,0.0,0.0,0.0,93.0,18.9291,392.0998,8.9236
V297,590528.0,0.08903387933969498,0.6285393834114075,0.0,0.0,0.0,0.0,12.0,13.2775,211.8446,4.7056
V298,590528.0,0.29882919788360596,3.1745877265930176,0.0,0.0,0.0,0.0,93.0,19.8941,429.0994,8.0667
V299,590528.0,0.1716548651456833,1.724050760269165,0.0,0.0,0.0,0.0,49.0,18.6846,376.9226,5.9098
V300,589271.0,0.045507077127695084,0.2905785143375397,0.0,0.0,0.0,0.0,11.0,10.8474,207.014,3.3514
V301,589271.0,0.05200153961777687,0.31881096959114075,0.0,0.0,0.0,0.0,13.0,10.5428,190.1687,3.71
V302,590528.0,0.25176113843917847,0.48147308826446533,0.0,0.0,0.0,0.0,16.0,2.8026,29.5025,23.7647
V303,590528.0,0.28313982486724854,0.6230413913726807,0.0,0.0,0.0,0.0,20.0,5.1647,63.8991,23.8818
V304,590528.0,0.2642076313495636,0.5278910994529724,0.0,0.0,0.0,0.0,16.0,3.2895,29.9104,23.8258
V305,590528.0,1.0000067949295044,0.0026025986298918724,1.0,1.0,1.0,1.0,2.0,384.2261,147628.23,0.0007
V306,590528.0,139.74871826171875,2348.55322265625,0.0,0.0,0.0,0.0,108800.0,29.2729,936.4661,16.6561
V307,590528.0,408.6824035644531,4391.53271484375,0.0,0.0,0.0,151.38067626953125,145765.0,23.6679,620.1006,12.1737
V308,590528.0,230.4131622314453,3021.302978515625,0.0,0.0,0.0,35.970001220703125,108800.0,24.53,658.7518,17.8647
V309,590528.0,10.995985984802246,115.960205078125,0.0,0.0,0.0,0.0,55125.0,224.8753,94325.72,7.6162
V310,590528.0,118.19564819335938,352.62017822265625,0.0,0.0,0.0,107.94999694824219,55125.0,19.4978,1763.8593,11.6254
V311,590528.0,4.202174663543701,102.33174896240234,0.0,0.0,0.0,0.0,55125.0,323.8314,156542.42,2.9191
V312,590528.0,39.173912048339844,171.49053955078125,0.0,0.0,0.0,0.0,55125.0,73.6034,19675.523,20.9414
V313,589271.0,21.351476669311523,96.06404876708984,0.0,0.0,0.0,0.0,4817.47021484375,14.0278,322.2308,16.9073
V314,589271.0,43.319183349609375,173.84866333007812,0.0,0.0,0.0,0.0,7519.8701171875,10.7489,207.2484,19.685
V315,589271.0,26.806974411010742,116.63079833984375,0.0,0.0,0.0,0.0,4817.47021484375,12.1181,236.0816,17.3431
V316,590528.0,109.81854248046875,2269.96044921875,0.0,0.0,0.0,0.0,93736.0,30.0974,980.7303,7.4655
V317,590528.0,247.60675048828125,3979.80810546875,0.0,0.0,0.0,0.0,134021.0,24.5974,662.4835,12.0426
V318,590528.0,162.15341186523438,2792.950927734375,0.0,0.0,0.0,0.0,98476.0,25.4828,707.7539,9.3906
V319,590528.0,18.37247657775879,331.8373718261719,0.0,0.0,0.0,0.0,104060.0,181.8336,47649.9,4.7056
V320,590528.0,42.07313537597656,473.217529296875,0.0,0.0,0.0,0.0,104060.0,70.5156,11714.736,8.0667
V321,590528.0,28.326581954956055,381.3282470703125,0.0,0.0,0.0,0.0,104060.0,123.5565,27445.334,5.9098
V322,82351.0,6.2202887535095215,56.021427154541016,0.0,0.0,0.0,0.0,880.0,11.1974,134.5218,19.8917
V323,82351.0,13.103775024414062,106.74174499511719,0.0,0.0,0.0,1.0,1411.0,9.7346,99.5275,10.0557
V324,82351.0,9.184612274169922,73.62964630126953,0.0,0.0,0.0,0.0,976.0,9.3638,92.6073,23.565
V325,82351.0,0.05849352106451988,0.3044061064720154,0.0,0.0,0.0,0.0,12.0,8.3579,133.5543,4.5695
V326,82351.0,0.8510400652885437,3.9502134323120117,0.0,0.0,0.0,0.0,44.0,5.8001,35.0466,11.7582
V327,82351.0,0.29663270711898804,1.3645153045654297,0.0,0.0,0.0,0.0,18.0,5.8627,36.1588,8.8074
V328,82351.0,0.3367900848388672,1.5800857543945312,0.0,0.0,0.0,0.0,15.0,6.6347,46.7332,10.7916
V329,82351.0,1.3128437995910645,8.768694877624512,0.0,0.0,0.0,0.0,99.0,8.0988,66.1496,12.4309
V330,82351.0,0.7758740186691284,4.727980613708496,0.0,0.0,0.0,0.0,55.0,7.579,57.6402,11.5991
V331,82351.0,721.7418823242188,6217.22998046875,0.0,0.0,0.0,0.0,160000.0,11.089,133.3023,19.8917
V332,82351.0,1375.78369140625,11169.515625,0.0,0.0,0.0,25.0,160000.0,9.769,100.2538,21.004
V333,82351.0,1014.622802734375,7955.7822265625,0.0,0.0,0.0,0.0,160000.0,9.3997,93.796,23.565
V334,82351.0,9.807015419006348,243.78753662109375,0.0,0.0,0.0,0.0,55125.0,168.4728,34776.336,4.5695
V335,82351.0,59.16455078125,387.64874267578125,0.0,0.0,0.0,0.0,55125.0,54.1424,6617.348,11.7582
V336,82351.0,28.53090476989746,274.6990966796875,0.0,0.0,0.0,0.0,55125.0,118.723,21609.969,8.8074
V337,82351.0,55.3524169921875,668.3758544921875,0.0,0.0,0.0,0.0,104060.0,85.7712,10178.076,10.7916
V338,82351.0,151.16053771972656,1095.0577392578125,0.0,0.0,0.0,0.0,104060.0,23.6445,1433.372,12.4309
V339,82351.0,100.70087432861328,814.9532470703125,0.0,0.0,0.0,0.0,104060.0,48.91,4604.8394,11.5991
